
 /----------------------------------------------------------------------------\
 |  yosys -- Yosys Open SYnthesis Suite                                       |
 |  Copyright (C) 2012 - 2026  Claire Xenia Wolf <claire@yosyshq.com>         |
 |  Distributed under an ISC-like license, type "license" to see terms        |
 \----------------------------------------------------------------------------/
 Yosys 0.69 (git sha1 9f75ca1f9, Release, Clang /workspace/YoWASP/yosys/wasi-sdk-33.0-x86_64-linux/share/cmake/../..//bin/clang++ 22.1.0)

-- Running command `read_verilog rtl/debounce.v rtl/sensor_veiculo.v rtl/botao_pedestre.v rtl/prescaler.v rtl/contador_tempo.v rtl/fsm_semaforo.v rtl/estado_basico_decoder.v rtl/bram_historico.v rtl/media_movel_dsp.v rtl/protocolo_serial.v rtl/top_semaforo.v; synth_gowin -top top_semaforo -json build/top_semaforo.json' --

1. Executing Verilog-2005 frontend: rtl/debounce.v
Parsing Verilog input from `rtl/debounce.v' to AST representation.
Generating RTLIL representation for module `\debounce'.
Successfully finished Verilog frontend.

2. Executing Verilog-2005 frontend: rtl/sensor_veiculo.v
Parsing Verilog input from `rtl/sensor_veiculo.v' to AST representation.
Generating RTLIL representation for module `\sensor_veiculo'.
Successfully finished Verilog frontend.

3. Executing Verilog-2005 frontend: rtl/botao_pedestre.v
Parsing Verilog input from `rtl/botao_pedestre.v' to AST representation.
Generating RTLIL representation for module `\botao_pedestre'.
Successfully finished Verilog frontend.

4. Executing Verilog-2005 frontend: rtl/prescaler.v
Parsing Verilog input from `rtl/prescaler.v' to AST representation.
Generating RTLIL representation for module `\prescaler'.
Successfully finished Verilog frontend.

5. Executing Verilog-2005 frontend: rtl/contador_tempo.v
Parsing Verilog input from `rtl/contador_tempo.v' to AST representation.
Generating RTLIL representation for module `\contador_tempo'.
Successfully finished Verilog frontend.

6. Executing Verilog-2005 frontend: rtl/fsm_semaforo.v
Parsing Verilog input from `rtl/fsm_semaforo.v' to AST representation.
Generating RTLIL representation for module `\fsm_semaforo'.
Successfully finished Verilog frontend.

7. Executing Verilog-2005 frontend: rtl/estado_basico_decoder.v
Parsing Verilog input from `rtl/estado_basico_decoder.v' to AST representation.
Generating RTLIL representation for module `\estado_basico_decoder'.
Successfully finished Verilog frontend.

8. Executing Verilog-2005 frontend: rtl/bram_historico.v
Parsing Verilog input from `rtl/bram_historico.v' to AST representation.
Generating RTLIL representation for module `\bram_historico'.
Successfully finished Verilog frontend.

9. Executing Verilog-2005 frontend: rtl/media_movel_dsp.v
Parsing Verilog input from `rtl/media_movel_dsp.v' to AST representation.
Generating RTLIL representation for module `\media_movel_dsp'.
Successfully finished Verilog frontend.

10. Executing Verilog-2005 frontend: rtl/protocolo_serial.v
Parsing Verilog input from `rtl/protocolo_serial.v' to AST representation.
Generating RTLIL representation for module `\protocolo_serial'.
Successfully finished Verilog frontend.

11. Executing Verilog-2005 frontend: rtl/top_semaforo.v
Parsing Verilog input from `rtl/top_semaforo.v' to AST representation.
Generating RTLIL representation for module `\top_semaforo'.
Successfully finished Verilog frontend.

12. Executing SYNTH_GOWIN pass.

12.1. Executing Verilog-2005 frontend: /share/gowin/cells_sim.v
Parsing Verilog input from `/share/gowin/cells_sim.v' to AST representation.
Generating RTLIL representation for module `\LUT1'.
Generating RTLIL representation for module `\LUT2'.
Generating RTLIL representation for module `\LUT3'.
Generating RTLIL representation for module `\LUT4'.
Generating RTLIL representation for module `\__APICULA_LUT5'.
Generating RTLIL representation for module `\__APICULA_LUT6'.
Generating RTLIL representation for module `\__APICULA_LUT7'.
Generating RTLIL representation for module `\__APICULA_LUT8'.
Generating RTLIL representation for module `\MUX2'.
Generating RTLIL representation for module `\MUX2_LUT5'.
Generating RTLIL representation for module `\MUX2_LUT6'.
Generating RTLIL representation for module `\MUX2_LUT7'.
Generating RTLIL representation for module `\MUX2_LUT8'.
Generating RTLIL representation for module `\DFF'.
Generating RTLIL representation for module `\DFFE'.
Generating RTLIL representation for module `\DFFS'.
Generating RTLIL representation for module `\DFFSE'.
Generating RTLIL representation for module `\DFFR'.
Generating RTLIL representation for module `\DFFRE'.
Generating RTLIL representation for module `\DFFP'.
Generating RTLIL representation for module `\DFFPE'.
Generating RTLIL representation for module `\DFFC'.
Generating RTLIL representation for module `\DFFCE'.
Generating RTLIL representation for module `\DFFN'.
Generating RTLIL representation for module `\DFFNE'.
Generating RTLIL representation for module `\DFFNS'.
Generating RTLIL representation for module `\DFFNSE'.
Generating RTLIL representation for module `\DFFNR'.
Generating RTLIL representation for module `\DFFNRE'.
Generating RTLIL representation for module `\DFFNP'.
Generating RTLIL representation for module `\DFFNPE'.
Generating RTLIL representation for module `\DFFNC'.
Generating RTLIL representation for module `\DFFNCE'.
Generating RTLIL representation for module `\DL'.
Generating RTLIL representation for module `\DLN'.
Generating RTLIL representation for module `\DLE'.
Generating RTLIL representation for module `\DLNE'.
Generating RTLIL representation for module `\DLC'.
Generating RTLIL representation for module `\DLCE'.
Generating RTLIL representation for module `\DLNC'.
Generating RTLIL representation for module `\DLNCE'.
Generating RTLIL representation for module `\DLP'.
Generating RTLIL representation for module `\DLPE'.
Generating RTLIL representation for module `\DLNP'.
Generating RTLIL representation for module `\DLNPE'.
Generating RTLIL representation for module `\VCC'.
Generating RTLIL representation for module `\GND'.
Generating RTLIL representation for module `\IBUF'.
Generating RTLIL representation for module `\OBUF'.
Generating RTLIL representation for module `\TBUF'.
Generating RTLIL representation for module `\IOBUF'.
Generating RTLIL representation for module `\ELVDS_OBUF'.
Generating RTLIL representation for module `\TLVDS_OBUF'.
Generating RTLIL representation for module `\OSER4'.
Generating RTLIL representation for module `\OSER4_MEM'.
Generating RTLIL representation for module `\OSER8'.
Generating RTLIL representation for module `\OSER10'.
Generating RTLIL representation for module `\OVIDEO'.
Generating RTLIL representation for module `\OSER16'.
Generating RTLIL representation for module `\IDES4'.
Generating RTLIL representation for module `\IDES4_MEM'.
Generating RTLIL representation for module `\IDES8'.
Generating RTLIL representation for module `\IDES10'.
Generating RTLIL representation for module `\IVIDEO'.
Generating RTLIL representation for module `\IDES16'.
Generating RTLIL representation for module `\IDDR'.
Generating RTLIL representation for module `\IDDRC'.
Generating RTLIL representation for module `\DQS'.
Generating RTLIL representation for module `\ODDR'.
Generating RTLIL representation for module `\ODDRC'.
Generating RTLIL representation for module `\GSR'.
Generating RTLIL representation for module `\BANDGAP'.
Generating RTLIL representation for module `\ALU'.
Generating RTLIL representation for module `\RAM16S1'.
Generating RTLIL representation for module `\RAM16S2'.
Generating RTLIL representation for module `\RAM16S4'.
Generating RTLIL representation for module `\RAM16SDP1'.
Generating RTLIL representation for module `\RAM16SDP2'.
Generating RTLIL representation for module `\RAM16SDP4'.
Generating RTLIL representation for module `\SP'.
Generating RTLIL representation for module `\SPX9'.
Generating RTLIL representation for module `\SDP'.
Generating RTLIL representation for module `\SDPX9'.
Generating RTLIL representation for module `\DP'.
Generating RTLIL representation for module `\DPX9'.
Generating RTLIL representation for module `\rPLL'.
Generating RTLIL representation for module `\PLLVR'.
Generating RTLIL representation for module `\OSC'.
Generating RTLIL representation for module `\OSCZ'.
Generating RTLIL representation for module `\OSCF'.
Generating RTLIL representation for module `\OSCH'.
Generating RTLIL representation for module `\OSCW'.
Generating RTLIL representation for module `\OSCO'.
Generating RTLIL representation for module `\EMCU'.
Successfully finished Verilog frontend.

12.2. Executing Verilog-2005 frontend: /share/gowin/cells_xtra_gw1n.v
Parsing Verilog input from `/share/gowin/cells_xtra_gw1n.v' to AST representation.
Generating RTLIL representation for module `\LUT5'.
Generating RTLIL representation for module `\LUT6'.
Generating RTLIL representation for module `\LUT7'.
Generating RTLIL representation for module `\LUT8'.
Generating RTLIL representation for module `\INV'.
Generating RTLIL representation for module `\IODELAY'.
Generating RTLIL representation for module `\IEM'.
Generating RTLIL representation for module `\ROM16'.
Generating RTLIL representation for module `\ROM'.
Generating RTLIL representation for module `\ROMX9'.
Generating RTLIL representation for module `\pROM'.
Generating RTLIL representation for module `\pROMX9'.
Generating RTLIL representation for module `\SDPB'.
Generating RTLIL representation for module `\SDPX9B'.
Generating RTLIL representation for module `\DPB'.
Generating RTLIL representation for module `\DPX9B'.
Generating RTLIL representation for module `\PADD18'.
Generating RTLIL representation for module `\PADD9'.
Generating RTLIL representation for module `\MULT9X9'.
Generating RTLIL representation for module `\MULT18X18'.
Generating RTLIL representation for module `\MULT36X36'.
Generating RTLIL representation for module `\MULTALU36X18'.
Generating RTLIL representation for module `\MULTADDALU18X18'.
Generating RTLIL representation for module `\MULTALU18X18'.
Generating RTLIL representation for module `\ALU54D'.
Generating RTLIL representation for module `\BUFG'.
Generating RTLIL representation for module `\BUFS'.
Generating RTLIL representation for module `\PLL'.
Generating RTLIL representation for module `\TLVDS_IBUF'.
Generating RTLIL representation for module `\TLVDS_TBUF'.
Generating RTLIL representation for module `\TLVDS_IOBUF'.
Generating RTLIL representation for module `\ELVDS_IBUF'.
Generating RTLIL representation for module `\ELVDS_TBUF'.
Generating RTLIL representation for module `\ELVDS_IOBUF'.
Generating RTLIL representation for module `\MIPI_IBUF'.
Generating RTLIL representation for module `\MIPI_IBUF_HS'.
Generating RTLIL representation for module `\MIPI_IBUF_LP'.
Generating RTLIL representation for module `\MIPI_OBUF'.
Generating RTLIL representation for module `\MIPI_OBUF_A'.
Generating RTLIL representation for module `\ELVDS_IBUF_MIPI'.
Generating RTLIL representation for module `\I3C_IOBUF'.
Generating RTLIL representation for module `\CLKDIV'.
Generating RTLIL representation for module `\DHCEN'.
Generating RTLIL representation for module `\DLLDLY'.
Generating RTLIL representation for module `\FLASH96K'.
Generating RTLIL representation for module `\FLASH256K'.
Generating RTLIL representation for module `\FLASH608K'.
Generating RTLIL representation for module `\DCS'.
Generating RTLIL representation for module `\DQCE'.
Generating RTLIL representation for module `\CLKDIV2'.
Generating RTLIL representation for module `\DHCENC'.
Generating RTLIL representation for module `\FLASH64K'.
Generating RTLIL representation for module `\FLASH64KZ'.
Successfully finished Verilog frontend.

12.3. Executing HIERARCHY pass (managing design hierarchy).

12.3.1. Analyzing design hierarchy..
Top module:  \top_semaforo
Used module:     \protocolo_serial
Used module:     \estado_basico_decoder
Used module:     \fsm_semaforo
Used module:         \contador_tempo
Used module:     \media_movel_dsp
Used module:     \bram_historico
Used module:     \botao_pedestre
Used module:         \debounce
Used module:     \sensor_veiculo
Used module:     \prescaler
Parameter \N_CICLOS = 135000

12.3.2. Executing AST frontend in derive mode using pre-parsed AST for module `\debounce'.
Parameter \N_CICLOS = 135000
Generating RTLIL representation for module `$paramod\debounce\N_CICLOS=s32'00000000000000100000111101011000'.
Parameter \N_CICLOS = 540000

12.3.3. Executing AST frontend in derive mode using pre-parsed AST for module `\debounce'.
Parameter \N_CICLOS = 540000
Generating RTLIL representation for module `$paramod\debounce\N_CICLOS=s32'00000000000010000011110101100000'.
Parameter \LARGURA = 6

12.3.4. Executing AST frontend in derive mode using pre-parsed AST for module `\contador_tempo'.
Parameter \LARGURA = 6
Generating RTLIL representation for module `$paramod\contador_tempo\LARGURA=s32'00000000000000000000000000000110'.
Parameter \LARGURA_TEMPO = 6

12.3.5. Executing AST frontend in derive mode using pre-parsed AST for module `\fsm_semaforo'.
Parameter \LARGURA_TEMPO = 6
Generating RTLIL representation for module `$paramod\fsm_semaforo\LARGURA_TEMPO=s32'00000000000000000000000000000110'.
Parameter \LIMIAR_BAIXO = 1
Parameter \LIMIAR_ALTO = 3

12.3.6. Executing AST frontend in derive mode using pre-parsed AST for module `\media_movel_dsp'.
Parameter \LIMIAR_BAIXO = 1
Parameter \LIMIAR_ALTO = 3
Generating RTLIL representation for module `$paramod$37e40d981c57e20801cfe5bd9b0bf6065ef81994\media_movel_dsp'.
Parameter \N_CICLOS = 540000

12.3.7. Executing AST frontend in derive mode using pre-parsed AST for module `\botao_pedestre'.
Parameter \N_CICLOS = 540000
Generating RTLIL representation for module `$paramod\botao_pedestre\N_CICLOS=s32'00000000000010000011110101100000'.
Parameter \N_CICLOS = 135000

12.3.8. Executing AST frontend in derive mode using pre-parsed AST for module `\sensor_veiculo'.
Parameter \N_CICLOS = 135000
Generating RTLIL representation for module `$paramod\sensor_veiculo\N_CICLOS=s32'00000000000000100000111101011000'.
Parameter \DIVISOR = 27000000

12.3.9. Executing AST frontend in derive mode using pre-parsed AST for module `\prescaler'.
Parameter \DIVISOR = 27000000
Generating RTLIL representation for module `$paramod\prescaler\DIVISOR=s32'00000001100110111111110011000000'.

12.3.10. Analyzing design hierarchy..
Top module:  \top_semaforo
Used module:     \protocolo_serial
Used module:     \estado_basico_decoder
Used module:     $paramod\fsm_semaforo\LARGURA_TEMPO=s32'00000000000000000000000000000110
Used module:         \contador_tempo
Used module:     $paramod$37e40d981c57e20801cfe5bd9b0bf6065ef81994\media_movel_dsp
Used module:     \bram_historico
Used module:     $paramod\botao_pedestre\N_CICLOS=s32'00000000000010000011110101100000
Used module:         \debounce
Used module:     $paramod\sensor_veiculo\N_CICLOS=s32'00000000000000100000111101011000
Used module:     $paramod\prescaler\DIVISOR=s32'00000001100110111111110011000000
Parameter \LARGURA = 6
Found cached RTLIL representation for module `$paramod\contador_tempo\LARGURA=s32'00000000000000000000000000000110'.
Parameter \N_CICLOS = 540000
Found cached RTLIL representation for module `$paramod\debounce\N_CICLOS=s32'00000000000010000011110101100000'.
Parameter \N_CICLOS = 135000
Found cached RTLIL representation for module `$paramod\debounce\N_CICLOS=s32'00000000000000100000111101011000'.

12.3.11. Analyzing design hierarchy..
Top module:  \top_semaforo
Used module:     \protocolo_serial
Used module:     \estado_basico_decoder
Used module:     $paramod\fsm_semaforo\LARGURA_TEMPO=s32'00000000000000000000000000000110
Used module:         $paramod\contador_tempo\LARGURA=s32'00000000000000000000000000000110
Used module:     $paramod$37e40d981c57e20801cfe5bd9b0bf6065ef81994\media_movel_dsp
Used module:     \bram_historico
Used module:     $paramod\botao_pedestre\N_CICLOS=s32'00000000000010000011110101100000
Used module:         $paramod\debounce\N_CICLOS=s32'00000000000010000011110101100000
Used module:     $paramod\sensor_veiculo\N_CICLOS=s32'00000000000000100000111101011000
Used module:         $paramod\debounce\N_CICLOS=s32'00000000000000100000111101011000
Used module:     $paramod\prescaler\DIVISOR=s32'00000001100110111111110011000000

12.3.12. Analyzing design hierarchy..
Top module:  \top_semaforo
Used module:     \protocolo_serial
Used module:     \estado_basico_decoder
Used module:     $paramod\fsm_semaforo\LARGURA_TEMPO=s32'00000000000000000000000000000110
Used module:         $paramod\contador_tempo\LARGURA=s32'00000000000000000000000000000110
Used module:     $paramod$37e40d981c57e20801cfe5bd9b0bf6065ef81994\media_movel_dsp
Used module:     \bram_historico
Used module:     $paramod\botao_pedestre\N_CICLOS=s32'00000000000010000011110101100000
Used module:         $paramod\debounce\N_CICLOS=s32'00000000000010000011110101100000
Used module:     $paramod\sensor_veiculo\N_CICLOS=s32'00000000000000100000111101011000
Used module:         $paramod\debounce\N_CICLOS=s32'00000000000000100000111101011000
Used module:     $paramod\prescaler\DIVISOR=s32'00000001100110111111110011000000
Removing unused module `\media_movel_dsp'.
Removing unused module `\fsm_semaforo'.
Removing unused module `\contador_tempo'.
Removing unused module `\prescaler'.
Removing unused module `\botao_pedestre'.
Removing unused module `\sensor_veiculo'.
Removing unused module `\debounce'.
Removed 7 unused modules.

12.4. Executing PROC pass (convert processes to netlists).

12.4.1. Executing PROC_CLEAN pass (remove empty switches from decision trees).
Cleaned up 0 empty switches.

12.4.2. Executing PROC_RMDEAD pass (remove dead branches from decision trees).
Marked 3 switch rules as full_case in process $proc$rtl/debounce.v:25$430 in module $paramod\debounce\N_CICLOS=s32'00000000000000100000111101011000.
Marked 1 switch rules as full_case in process $proc$rtl/top_semaforo.v:155$90 in module top_semaforo.
Marked 2 switch rules as full_case in process $proc$rtl/top_semaforo.v:107$84 in module top_semaforo.
Marked 1 switch rules as full_case in process $proc$rtl/top_semaforo.v:65$76 in module top_semaforo.
Marked 2 switch rules as full_case in process $proc$rtl/protocolo_serial.v:38$74 in module protocolo_serial.
Marked 2 switch rules as full_case in process $proc$rtl/prescaler.v:20$485 in module $paramod\prescaler\DIVISOR=s32'00000001100110111111110011000000.
Marked 1 switch rules as full_case in process $proc$rtl/bram_historico.v:34$57 in module bram_historico.
Marked 1 switch rules as full_case in process $proc$rtl/bram_historico.v:28$49 in module bram_historico.
Marked 1 switch rules as full_case in process $proc$rtl/sensor_veiculo.v:28$481 in module $paramod\sensor_veiculo\N_CICLOS=s32'00000000000000100000111101011000.
Marked 2 switch rules as full_case in process $proc$rtl/botao_pedestre.v:41$479 in module $paramod\botao_pedestre\N_CICLOS=s32'00000000000010000011110101100000.
Marked 1 switch rules as full_case in process $proc$rtl/botao_pedestre.v:30$475 in module $paramod\botao_pedestre\N_CICLOS=s32'00000000000010000011110101100000.
Marked 3 switch rules as full_case in process $proc$rtl/media_movel_dsp.v:46$469 in module $paramod$37e40d981c57e20801cfe5bd9b0bf6065ef81994\media_movel_dsp.
Marked 1 switch rules as full_case in process $proc$rtl/fsm_semaforo.v:121$454 in module $paramod\fsm_semaforo\LARGURA_TEMPO=s32'00000000000000000000000000000110.
Marked 4 switch rules as full_case in process $proc$rtl/fsm_semaforo.v:88$450 in module $paramod\fsm_semaforo\LARGURA_TEMPO=s32'00000000000000000000000000000110.
Marked 1 switch rules as full_case in process $proc$rtl/fsm_semaforo.v:75$448 in module $paramod\fsm_semaforo\LARGURA_TEMPO=s32'00000000000000000000000000000110.
Marked 2 switch rules as full_case in process $proc$rtl/contador_tempo.v:23$440 in module $paramod\contador_tempo\LARGURA=s32'00000000000000000000000000000110.
Marked 3 switch rules as full_case in process $proc$rtl/debounce.v:25$435 in module $paramod\debounce\N_CICLOS=s32'00000000000010000011110101100000.
Removed a total of 0 dead cases.

12.4.3. Executing PROC_PRUNE pass (remove redundant assignments in processes).
Removed 16 redundant assignments.
Promoted 11 assignments to connections.

12.4.4. Executing PROC_INIT pass (extract init attributes).

12.4.5. Executing PROC_ARST pass (detect async resets in processes).
Found async reset \rst_n in `$paramod\debounce\N_CICLOS=s32'00000000000000100000111101011000.$proc$rtl/debounce.v:25$430'.
Found async reset \rst_sist_n in `\top_semaforo.$proc$rtl/top_semaforo.v:107$84'.
Found async reset \rst_n in `\top_semaforo.$proc$rtl/top_semaforo.v:65$76'.
Found async reset \rst_n in `\protocolo_serial.$proc$rtl/protocolo_serial.v:38$74'.
Found async reset \rst_n in `$paramod\prescaler\DIVISOR=s32'00000001100110111111110011000000.$proc$rtl/prescaler.v:20$485'.
Found async reset \rst_n in `\bram_historico.$proc$rtl/bram_historico.v:34$57'.
Found async reset \rst_n in `$paramod\sensor_veiculo\N_CICLOS=s32'00000000000000100000111101011000.$proc$rtl/sensor_veiculo.v:28$481'.
Found async reset \rst_n in `$paramod\botao_pedestre\N_CICLOS=s32'00000000000010000011110101100000.$proc$rtl/botao_pedestre.v:41$479'.
Found async reset \rst_n in `$paramod\botao_pedestre\N_CICLOS=s32'00000000000010000011110101100000.$proc$rtl/botao_pedestre.v:30$475'.
Found async reset \rst_n in `$paramod$37e40d981c57e20801cfe5bd9b0bf6065ef81994\media_movel_dsp.$proc$rtl/media_movel_dsp.v:46$469'.
Found async reset \rst_n in `$paramod\fsm_semaforo\LARGURA_TEMPO=s32'00000000000000000000000000000110.$proc$rtl/fsm_semaforo.v:75$448'.
Found async reset \rst_n in `$paramod\contador_tempo\LARGURA=s32'00000000000000000000000000000110.$proc$rtl/contador_tempo.v:23$440'.
Found async reset \rst_n in `$paramod\debounce\N_CICLOS=s32'00000000000010000011110101100000.$proc$rtl/debounce.v:25$435'.

12.4.6. Executing PROC_ROM pass (convert switches to ROMs).
Converted 0 switches.
<suppressed ~25 debug messages>

12.4.7. Executing PROC_MUX pass (convert decision trees to multiplexers).
Creating decoders for process `$paramod\debounce\N_CICLOS=s32'00000000000000100000111101011000.$proc$rtl/debounce.v:25$430'.
     1/3: $0\contador[17:0]
     2/3: $0\sinc[1:0]
     3/3: $0\saida[0:0]
Creating decoders for process `\top_semaforo.$proc$rtl/top_semaforo.v:155$90'.
     1/1: $1\tempo_verde[5:0]
Creating decoders for process `\top_semaforo.$proc$rtl/top_semaforo.v:107$84'.
     1/4: $0\contagem_janela[7:0]
     2/4: $0\nova_amostra[0:0]
     3/4: $0\amostra_fluxo[7:0]
     4/4: $0\ticks_janela[3:0]
Creating decoders for process `\top_semaforo.$proc$rtl/top_semaforo.v:65$76'.
     1/1: $0\reset_sinc[1:0]
Creating decoders for process `\protocolo_serial.$proc$rtl/protocolo_serial.v:38$74'.
     1/3: $0\cs_n_sinc[1:0]
     2/3: $0\sclk_sinc[2:0]
     3/3: $0\deslocamento[15:0]
Creating decoders for process `$paramod\prescaler\DIVISOR=s32'00000001100110111111110011000000.$proc$rtl/prescaler.v:20$485'.
     1/2: $0\tick[0:0]
     2/2: $0\contador[24:0]
Creating decoders for process `\bram_historico.$proc$rtl/bram_historico.v:34$57'.
     1/1: $0\ponteiro_escrita[7:0]
Creating decoders for process `\bram_historico.$proc$rtl/bram_historico.v:28$49'.
     1/3: $1$memwr$\memoria$rtl/bram_historico.v:30$48_EN[7:0]$55
     2/3: $1$memwr$\memoria$rtl/bram_historico.v:30$48_DATA[7:0]$54
     3/3: $1$memwr$\memoria$rtl/bram_historico.v:30$48_ADDR[7:0]$53
Creating decoders for process `$paramod\sensor_veiculo\N_CICLOS=s32'00000000000000100000111101011000.$proc$rtl/sensor_veiculo.v:28$481'.
     1/1: $0\estavel_ant[0:0]
Creating decoders for process `$paramod\botao_pedestre\N_CICLOS=s32'00000000000010000011110101100000.$proc$rtl/botao_pedestre.v:41$479'.
     1/1: $0\solicitacao_pedestre[0:0]
Creating decoders for process `$paramod\botao_pedestre\N_CICLOS=s32'00000000000010000011110101100000.$proc$rtl/botao_pedestre.v:30$475'.
     1/1: $0\estavel_ant[0:0]
Creating decoders for process `$paramod$37e40d981c57e20801cfe5bd9b0bf6065ef81994\media_movel_dsp.$proc$rtl/media_movel_dsp.v:46$469'.
     1/4: $0\soma[10:0]
     2/4: $0\amostras_validas[2:0]
     3/4: $0\nivel_fluxo[1:0]
     4/4: $0\media[7:0]
Creating decoders for process `$paramod\fsm_semaforo\LARGURA_TEMPO=s32'00000000000000000000000000000110.$proc$rtl/fsm_semaforo.v:121$454'.
     1/1: $1\valor_carga[5:0]
Creating decoders for process `$paramod\fsm_semaforo\LARGURA_TEMPO=s32'00000000000000000000000000000110.$proc$rtl/fsm_semaforo.v:88$450'.
     1/8: $2\limpa_solicitacao[0:0]
     2/8: $4\prox_estado[1:0]
     3/8: $3\prox_estado[1:0]
     4/8: $2\prox_estado[1:0]
     5/8: $1\prox_estado[1:0]
     6/8: $1\cor_carro[1:0]
     7/8: $1\pedestre_verde[0:0]
     8/8: $1\limpa_solicitacao[0:0]
Creating decoders for process `$paramod\fsm_semaforo\LARGURA_TEMPO=s32'00000000000000000000000000000110.$proc$rtl/fsm_semaforo.v:75$448'.
     1/3: $0\solicitacao_ant[0:0]
     2/3: $0\iniciou[0:0]
     3/3: $0\estado[1:0]
Creating decoders for process `$paramod\contador_tempo\LARGURA=s32'00000000000000000000000000000110.$proc$rtl/contador_tempo.v:23$440'.
     1/1: $0\valor_atual[5:0]
Creating decoders for process `$paramod\debounce\N_CICLOS=s32'00000000000010000011110101100000.$proc$rtl/debounce.v:25$435'.
     1/3: $0\contador[19:0]
     2/3: $0\sinc[1:0]
     3/3: $0\saida[0:0]

12.4.8. Executing PROC_DLATCH pass (convert process syncs to latches).
No latch inferred for signal `\top_semaforo.\tempo_verde' from process `\top_semaforo.$proc$rtl/top_semaforo.v:155$90'.
No latch inferred for signal `$paramod\fsm_semaforo\LARGURA_TEMPO=s32'00000000000000000000000000000110.\carrega_cont' from process `$paramod\fsm_semaforo\LARGURA_TEMPO=s32'00000000000000000000000000000110.$proc$rtl/fsm_semaforo.v:121$454'.
No latch inferred for signal `$paramod\fsm_semaforo\LARGURA_TEMPO=s32'00000000000000000000000000000110.\valor_carga' from process `$paramod\fsm_semaforo\LARGURA_TEMPO=s32'00000000000000000000000000000110.$proc$rtl/fsm_semaforo.v:121$454'.
No latch inferred for signal `$paramod\fsm_semaforo\LARGURA_TEMPO=s32'00000000000000000000000000000110.\limpa_solicitacao' from process `$paramod\fsm_semaforo\LARGURA_TEMPO=s32'00000000000000000000000000000110.$proc$rtl/fsm_semaforo.v:88$450'.
No latch inferred for signal `$paramod\fsm_semaforo\LARGURA_TEMPO=s32'00000000000000000000000000000110.\cor_carro' from process `$paramod\fsm_semaforo\LARGURA_TEMPO=s32'00000000000000000000000000000110.$proc$rtl/fsm_semaforo.v:88$450'.
No latch inferred for signal `$paramod\fsm_semaforo\LARGURA_TEMPO=s32'00000000000000000000000000000110.\pedestre_verde' from process `$paramod\fsm_semaforo\LARGURA_TEMPO=s32'00000000000000000000000000000110.$proc$rtl/fsm_semaforo.v:88$450'.
No latch inferred for signal `$paramod\fsm_semaforo\LARGURA_TEMPO=s32'00000000000000000000000000000110.\prox_estado' from process `$paramod\fsm_semaforo\LARGURA_TEMPO=s32'00000000000000000000000000000110.$proc$rtl/fsm_semaforo.v:88$450'.

12.4.9. Executing PROC_DFF pass (convert process syncs to FFs).
Creating register for signal `$paramod\debounce\N_CICLOS=s32'00000000000000100000111101011000.\saida' using process `$paramod\debounce\N_CICLOS=s32'00000000000000100000111101011000.$proc$rtl/debounce.v:25$430'.
  created $adff cell `$procdff$630' with positive edge clock and positive level reset.
Creating register for signal `$paramod\debounce\N_CICLOS=s32'00000000000000100000111101011000.\sinc' using process `$paramod\debounce\N_CICLOS=s32'00000000000000100000111101011000.$proc$rtl/debounce.v:25$430'.
  created $adff cell `$procdff$635' with positive edge clock and positive level reset.
Creating register for signal `$paramod\debounce\N_CICLOS=s32'00000000000000100000111101011000.\contador' using process `$paramod\debounce\N_CICLOS=s32'00000000000000100000111101011000.$proc$rtl/debounce.v:25$430'.
  created $adff cell `$procdff$640' with positive edge clock and positive level reset.
Creating register for signal `\top_semaforo.\nova_amostra' using process `\top_semaforo.$proc$rtl/top_semaforo.v:107$84'.
  created $adff cell `$procdff$645' with positive edge clock and positive level reset.
Creating register for signal `\top_semaforo.\ticks_janela' using process `\top_semaforo.$proc$rtl/top_semaforo.v:107$84'.
  created $adff cell `$procdff$650' with positive edge clock and positive level reset.
Creating register for signal `\top_semaforo.\contagem_janela' using process `\top_semaforo.$proc$rtl/top_semaforo.v:107$84'.
  created $adff cell `$procdff$655' with positive edge clock and positive level reset.
Creating register for signal `\top_semaforo.\amostra_fluxo' using process `\top_semaforo.$proc$rtl/top_semaforo.v:107$84'.
  created $adff cell `$procdff$660' with positive edge clock and positive level reset.
Creating register for signal `\top_semaforo.\reset_sinc' using process `\top_semaforo.$proc$rtl/top_semaforo.v:65$76'.
  created $adff cell `$procdff$665' with positive edge clock and positive level reset.
Creating register for signal `\protocolo_serial.\sclk_sinc' using process `\protocolo_serial.$proc$rtl/protocolo_serial.v:38$74'.
  created $adff cell `$procdff$670' with positive edge clock and positive level reset.
Creating register for signal `\protocolo_serial.\cs_n_sinc' using process `\protocolo_serial.$proc$rtl/protocolo_serial.v:38$74'.
  created $adff cell `$procdff$675' with positive edge clock and positive level reset.
Creating register for signal `\protocolo_serial.\deslocamento' using process `\protocolo_serial.$proc$rtl/protocolo_serial.v:38$74'.
  created $adff cell `$procdff$680' with positive edge clock and positive level reset.
Creating register for signal `$paramod\prescaler\DIVISOR=s32'00000001100110111111110011000000.\contador' using process `$paramod\prescaler\DIVISOR=s32'00000001100110111111110011000000.$proc$rtl/prescaler.v:20$485'.
  created $adff cell `$procdff$685' with positive edge clock and positive level reset.
Creating register for signal `$paramod\prescaler\DIVISOR=s32'00000001100110111111110011000000.\tick' using process `$paramod\prescaler\DIVISOR=s32'00000001100110111111110011000000.$proc$rtl/prescaler.v:20$485'.
  created $adff cell `$procdff$690' with positive edge clock and positive level reset.
Creating register for signal `\bram_historico.\ponteiro_escrita' using process `\bram_historico.$proc$rtl/bram_historico.v:34$57'.
  created $adff cell `$procdff$695' with positive edge clock and positive level reset.
Creating register for signal `\bram_historico.\dado_leitura' using process `\bram_historico.$proc$rtl/bram_historico.v:28$49'.
  created $dff cell `$procdff$696' with positive edge clock.
Creating register for signal `\bram_historico.$memwr$\memoria$rtl/bram_historico.v:30$48_ADDR' using process `\bram_historico.$proc$rtl/bram_historico.v:28$49'.
  created $dff cell `$procdff$697' with positive edge clock.
Creating register for signal `\bram_historico.$memwr$\memoria$rtl/bram_historico.v:30$48_DATA' using process `\bram_historico.$proc$rtl/bram_historico.v:28$49'.
  created $dff cell `$procdff$698' with positive edge clock.
Creating register for signal `\bram_historico.$memwr$\memoria$rtl/bram_historico.v:30$48_EN' using process `\bram_historico.$proc$rtl/bram_historico.v:28$49'.
  created $dff cell `$procdff$699' with positive edge clock.
Creating register for signal `$paramod\sensor_veiculo\N_CICLOS=s32'00000000000000100000111101011000.\estavel_ant' using process `$paramod\sensor_veiculo\N_CICLOS=s32'00000000000000100000111101011000.$proc$rtl/sensor_veiculo.v:28$481'.
  created $adff cell `$procdff$704' with positive edge clock and positive level reset.
Creating register for signal `$paramod\botao_pedestre\N_CICLOS=s32'00000000000010000011110101100000.\solicitacao_pedestre' using process `$paramod\botao_pedestre\N_CICLOS=s32'00000000000010000011110101100000.$proc$rtl/botao_pedestre.v:41$479'.
  created $adff cell `$procdff$709' with positive edge clock and positive level reset.
Creating register for signal `$paramod\botao_pedestre\N_CICLOS=s32'00000000000010000011110101100000.\estavel_ant' using process `$paramod\botao_pedestre\N_CICLOS=s32'00000000000010000011110101100000.$proc$rtl/botao_pedestre.v:30$475'.
  created $adff cell `$procdff$714' with positive edge clock and positive level reset.
Creating register for signal `$paramod$37e40d981c57e20801cfe5bd9b0bf6065ef81994\media_movel_dsp.\media' using process `$paramod$37e40d981c57e20801cfe5bd9b0bf6065ef81994\media_movel_dsp.$proc$rtl/media_movel_dsp.v:46$469'.
  created $adff cell `$procdff$719' with positive edge clock and positive level reset.
Creating register for signal `$paramod$37e40d981c57e20801cfe5bd9b0bf6065ef81994\media_movel_dsp.\nivel_fluxo' using process `$paramod$37e40d981c57e20801cfe5bd9b0bf6065ef81994\media_movel_dsp.$proc$rtl/media_movel_dsp.v:46$469'.
  created $adff cell `$procdff$724' with positive edge clock and positive level reset.
Creating register for signal `$paramod$37e40d981c57e20801cfe5bd9b0bf6065ef81994\media_movel_dsp.\amostras_validas' using process `$paramod$37e40d981c57e20801cfe5bd9b0bf6065ef81994\media_movel_dsp.$proc$rtl/media_movel_dsp.v:46$469'.
  created $adff cell `$procdff$729' with positive edge clock and positive level reset.
Creating register for signal `$paramod$37e40d981c57e20801cfe5bd9b0bf6065ef81994\media_movel_dsp.\soma' using process `$paramod$37e40d981c57e20801cfe5bd9b0bf6065ef81994\media_movel_dsp.$proc$rtl/media_movel_dsp.v:46$469'.
  created $adff cell `$procdff$734' with positive edge clock and positive level reset.
Creating register for signal `$paramod\fsm_semaforo\LARGURA_TEMPO=s32'00000000000000000000000000000110.\estado' using process `$paramod\fsm_semaforo\LARGURA_TEMPO=s32'00000000000000000000000000000110.$proc$rtl/fsm_semaforo.v:75$448'.
  created $adff cell `$procdff$739' with positive edge clock and positive level reset.
Creating register for signal `$paramod\fsm_semaforo\LARGURA_TEMPO=s32'00000000000000000000000000000110.\iniciou' using process `$paramod\fsm_semaforo\LARGURA_TEMPO=s32'00000000000000000000000000000110.$proc$rtl/fsm_semaforo.v:75$448'.
  created $adff cell `$procdff$744' with positive edge clock and positive level reset.
Creating register for signal `$paramod\fsm_semaforo\LARGURA_TEMPO=s32'00000000000000000000000000000110.\solicitacao_ant' using process `$paramod\fsm_semaforo\LARGURA_TEMPO=s32'00000000000000000000000000000110.$proc$rtl/fsm_semaforo.v:75$448'.
  created $adff cell `$procdff$749' with positive edge clock and positive level reset.
Creating register for signal `$paramod\contador_tempo\LARGURA=s32'00000000000000000000000000000110.\valor_atual' using process `$paramod\contador_tempo\LARGURA=s32'00000000000000000000000000000110.$proc$rtl/contador_tempo.v:23$440'.
  created $adff cell `$procdff$754' with positive edge clock and positive level reset.
Creating register for signal `$paramod\debounce\N_CICLOS=s32'00000000000010000011110101100000.\saida' using process `$paramod\debounce\N_CICLOS=s32'00000000000010000011110101100000.$proc$rtl/debounce.v:25$435'.
  created $adff cell `$procdff$759' with positive edge clock and positive level reset.
Creating register for signal `$paramod\debounce\N_CICLOS=s32'00000000000010000011110101100000.\sinc' using process `$paramod\debounce\N_CICLOS=s32'00000000000010000011110101100000.$proc$rtl/debounce.v:25$435'.
  created $adff cell `$procdff$764' with positive edge clock and positive level reset.
Creating register for signal `$paramod\debounce\N_CICLOS=s32'00000000000010000011110101100000.\contador' using process `$paramod\debounce\N_CICLOS=s32'00000000000010000011110101100000.$proc$rtl/debounce.v:25$435'.
  created $adff cell `$procdff$769' with positive edge clock and positive level reset.

12.4.10. Executing PROC_MEMWR pass (convert process memory writes to cells).

12.4.11. Executing PROC_CLEAN pass (remove empty switches from decision trees).
Found and cleaned up 2 empty switches in `$paramod\debounce\N_CICLOS=s32'00000000000000100000111101011000.$proc$rtl/debounce.v:25$430'.
Removing empty process `$paramod\debounce\N_CICLOS=s32'00000000000000100000111101011000.$proc$rtl/debounce.v:25$430'.
Found and cleaned up 1 empty switch in `\top_semaforo.$proc$rtl/top_semaforo.v:155$90'.
Removing empty process `top_semaforo.$proc$rtl/top_semaforo.v:155$90'.
Found and cleaned up 2 empty switches in `\top_semaforo.$proc$rtl/top_semaforo.v:107$84'.
Removing empty process `top_semaforo.$proc$rtl/top_semaforo.v:107$84'.
Removing empty process `top_semaforo.$proc$rtl/top_semaforo.v:65$76'.
Found and cleaned up 2 empty switches in `\protocolo_serial.$proc$rtl/protocolo_serial.v:38$74'.
Removing empty process `protocolo_serial.$proc$rtl/protocolo_serial.v:38$74'.
Found and cleaned up 1 empty switch in `$paramod\prescaler\DIVISOR=s32'00000001100110111111110011000000.$proc$rtl/prescaler.v:20$485'.
Removing empty process `$paramod\prescaler\DIVISOR=s32'00000001100110111111110011000000.$proc$rtl/prescaler.v:20$485'.
Found and cleaned up 1 empty switch in `\bram_historico.$proc$rtl/bram_historico.v:34$57'.
Removing empty process `bram_historico.$proc$rtl/bram_historico.v:34$57'.
Found and cleaned up 1 empty switch in `\bram_historico.$proc$rtl/bram_historico.v:28$49'.
Removing empty process `bram_historico.$proc$rtl/bram_historico.v:28$49'.
Removing empty process `$paramod\sensor_veiculo\N_CICLOS=s32'00000000000000100000111101011000.$proc$rtl/sensor_veiculo.v:28$481'.
Found and cleaned up 2 empty switches in `$paramod\botao_pedestre\N_CICLOS=s32'00000000000010000011110101100000.$proc$rtl/botao_pedestre.v:41$479'.
Removing empty process `$paramod\botao_pedestre\N_CICLOS=s32'00000000000010000011110101100000.$proc$rtl/botao_pedestre.v:41$479'.
Removing empty process `$paramod\botao_pedestre\N_CICLOS=s32'00000000000010000011110101100000.$proc$rtl/botao_pedestre.v:30$475'.
Found and cleaned up 4 empty switches in `$paramod$37e40d981c57e20801cfe5bd9b0bf6065ef81994\media_movel_dsp.$proc$rtl/media_movel_dsp.v:46$469'.
Removing empty process `$paramod$37e40d981c57e20801cfe5bd9b0bf6065ef81994\media_movel_dsp.$proc$rtl/media_movel_dsp.v:46$469'.
Found and cleaned up 1 empty switch in `$paramod\fsm_semaforo\LARGURA_TEMPO=s32'00000000000000000000000000000110.$proc$rtl/fsm_semaforo.v:121$454'.
Removing empty process `$paramod\fsm_semaforo\LARGURA_TEMPO=s32'00000000000000000000000000000110.$proc$rtl/fsm_semaforo.v:121$454'.
Found and cleaned up 4 empty switches in `$paramod\fsm_semaforo\LARGURA_TEMPO=s32'00000000000000000000000000000110.$proc$rtl/fsm_semaforo.v:88$450'.
Removing empty process `$paramod\fsm_semaforo\LARGURA_TEMPO=s32'00000000000000000000000000000110.$proc$rtl/fsm_semaforo.v:88$450'.
Removing empty process `$paramod\fsm_semaforo\LARGURA_TEMPO=s32'00000000000000000000000000000110.$proc$rtl/fsm_semaforo.v:75$448'.
Found and cleaned up 2 empty switches in `$paramod\contador_tempo\LARGURA=s32'00000000000000000000000000000110.$proc$rtl/contador_tempo.v:23$440'.
Removing empty process `$paramod\contador_tempo\LARGURA=s32'00000000000000000000000000000110.$proc$rtl/contador_tempo.v:23$440'.
Found and cleaned up 2 empty switches in `$paramod\debounce\N_CICLOS=s32'00000000000010000011110101100000.$proc$rtl/debounce.v:25$435'.
Removing empty process `$paramod\debounce\N_CICLOS=s32'00000000000010000011110101100000.$proc$rtl/debounce.v:25$435'.
Cleaned up 25 empty switches.

12.4.12. Executing OPT_EXPR pass (perform const folding).
Optimizing module $paramod\debounce\N_CICLOS=s32'00000000000000100000111101011000.
<suppressed ~6 debug messages>
Optimizing module top_semaforo.
<suppressed ~11 debug messages>
Optimizing module protocolo_serial.
<suppressed ~6 debug messages>
Optimizing module $paramod\prescaler\DIVISOR=s32'00000001100110111111110011000000.
<suppressed ~4 debug messages>
Optimizing module bram_historico.
<suppressed ~2 debug messages>
Optimizing module estado_basico_decoder.
<suppressed ~1 debug messages>
Optimizing module $paramod\sensor_veiculo\N_CICLOS=s32'00000000000000100000111101011000.
<suppressed ~2 debug messages>
Optimizing module $paramod\botao_pedestre\N_CICLOS=s32'00000000000010000011110101100000.
<suppressed ~4 debug messages>
Optimizing module $paramod$37e40d981c57e20801cfe5bd9b0bf6065ef81994\media_movel_dsp.
<suppressed ~8 debug messages>
Optimizing module $paramod\fsm_semaforo\LARGURA_TEMPO=s32'00000000000000000000000000000110.
<suppressed ~10 debug messages>
Optimizing module $paramod\contador_tempo\LARGURA=s32'00000000000000000000000000000110.
<suppressed ~4 debug messages>
Optimizing module $paramod\debounce\N_CICLOS=s32'00000000000010000011110101100000.
<suppressed ~6 debug messages>

12.5. Executing CHECK pass (checking for obvious problems).
Checking module $paramod\debounce\N_CICLOS=s32'00000000000000100000111101011000...
Checking module top_semaforo...
Checking module protocolo_serial...
Checking module $paramod\prescaler\DIVISOR=s32'00000001100110111111110011000000...
Checking module bram_historico...
Checking module estado_basico_decoder...
Checking module $paramod\sensor_veiculo\N_CICLOS=s32'00000000000000100000111101011000...
Checking module $paramod\botao_pedestre\N_CICLOS=s32'00000000000010000011110101100000...
Checking module $paramod$37e40d981c57e20801cfe5bd9b0bf6065ef81994\media_movel_dsp...
Checking module $paramod\fsm_semaforo\LARGURA_TEMPO=s32'00000000000000000000000000000110...
Checking module $paramod\contador_tempo\LARGURA=s32'00000000000000000000000000000110...
Checking module $paramod\debounce\N_CICLOS=s32'00000000000010000011110101100000...
Found and reported 0 problems.

12.6. Executing FLATTEN pass (flatten design).
Deleting now unused module $paramod\debounce\N_CICLOS=s32'00000000000000100000111101011000.
Deleting now unused module protocolo_serial.
Deleting now unused module $paramod\prescaler\DIVISOR=s32'00000001100110111111110011000000.
Deleting now unused module bram_historico.
Deleting now unused module estado_basico_decoder.
Deleting now unused module $paramod\sensor_veiculo\N_CICLOS=s32'00000000000000100000111101011000.
Deleting now unused module $paramod\botao_pedestre\N_CICLOS=s32'00000000000010000011110101100000.
Deleting now unused module $paramod$37e40d981c57e20801cfe5bd9b0bf6065ef81994\media_movel_dsp.
Deleting now unused module $paramod\fsm_semaforo\LARGURA_TEMPO=s32'00000000000000000000000000000110.
Deleting now unused module $paramod\contador_tempo\LARGURA=s32'00000000000000000000000000000110.
Deleting now unused module $paramod\debounce\N_CICLOS=s32'00000000000010000011110101100000.
<suppressed ~11 debug messages>

12.7. Executing TRIBUF pass.

12.8. Executing DEMINOUT pass (demote inout ports to input or output).

12.9. Executing OPT_EXPR pass (perform const folding).
Optimizing module top_semaforo.

12.10. Executing OPT_CLEAN pass (remove unused cells and wires).
Finding unused cells or wires in module \top_semaforo..
Removed 46 unused cells and 187 unused wires.
<suppressed ~49 debug messages>

12.11. Executing CHECK pass (checking for obvious problems).
Checking module top_semaforo...
Found and reported 0 problems.

12.12. Executing OPT pass (performing simple optimizations).

12.12.1. Executing OPT_EXPR pass (perform const folding).
Optimizing module top_semaforo.

12.12.2. Executing OPT_MERGE pass (detect identical cells).
Finding identical cells in module `\top_semaforo'.
Computing hashes of 159 cells of `\top_semaforo'.
Finding duplicate cells in `\top_semaforo'.
Computing hashes of 150 cells of `\top_semaforo'.
Finding duplicate cells in `\top_semaforo'.
<suppressed ~27 debug messages>
Removed a total of 9 cells.

12.12.3. Executing OPT_MUXTREE pass (detect dead branches in mux trees).
Running muxtree optimizer on module \top_semaforo..
  Creating internal representation of mux trees.
  Evaluating internal representation of mux trees.
  Analyzing evaluation results.
    dead port 2/2 on $mux $flatten\u_fsm.$procmux$576.
    dead port 2/2 on $mux $flatten\u_fsm.$procmux$570.
    dead port 2/2 on $mux $flatten\u_fsm.$procmux$583.
    dead port 2/2 on $mux $flatten\u_fsm.$procmux$591.
Removed 4 multiplexer ports.
<suppressed ~76 debug messages>

12.12.4. Executing OPT_REDUCE pass (consolidate $*mux and $reduce_* inputs).
  Optimizing cells in module \top_semaforo.
    Consolidated identical input bits for $mux cell $flatten\u_historico.$procmux$533:
      Old ports: A=8'00000000, B=8'11111111, Y=$flatten\u_historico.$0$memwr$\memoria$rtl/bram_historico.v:30$48_EN[7:0]$52
      New ports: A=1'0, B=1'1, Y=$flatten\u_historico.$0$memwr$\memoria$rtl/bram_historico.v:30$48_EN[7:0]$52 [0]
      New connections: $flatten\u_historico.$0$memwr$\memoria$rtl/bram_historico.v:30$48_EN[7:0]$52 [7:1] = { $flatten\u_historico.$0$memwr$\memoria$rtl/bram_historico.v:30$48_EN[7:0]$52 [0] $flatten\u_historico.$0$memwr$\memoria$rtl/bram_historico.v:30$48_EN[7:0]$52 [0] $flatten\u_historico.$0$memwr$\memoria$rtl/bram_historico.v:30$48_EN[7:0]$52 [0] $flatten\u_historico.$0$memwr$\memoria$rtl/bram_historico.v:30$48_EN[7:0]$52 [0] $flatten\u_historico.$0$memwr$\memoria$rtl/bram_historico.v:30$48_EN[7:0]$52 [0] $flatten\u_historico.$0$memwr$\memoria$rtl/bram_historico.v:30$48_EN[7:0]$52 [0] $flatten\u_historico.$0$memwr$\memoria$rtl/bram_historico.v:30$48_EN[7:0]$52 [0] }
  Optimizing cells in module \top_semaforo.
Performed a total of 1 changes.

12.12.5. Executing OPT_MERGE pass (detect identical cells).
Finding identical cells in module `\top_semaforo'.
Computing hashes of 146 cells of `\top_semaforo'.
Finding duplicate cells in `\top_semaforo'.
Removed a total of 0 cells.

12.12.6. Executing OPT_DFF pass (perform DFF optimizations).

12.12.7. Executing OPT_CLEAN pass (remove unused cells and wires).
Finding unused cells or wires in module \top_semaforo..
Removed 0 unused cells and 13 unused wires.
<suppressed ~1 debug messages>

12.12.8. Executing OPT_EXPR pass (perform const folding).
Optimizing module top_semaforo.

12.12.9. Rerunning OPT passes. (Maybe there is more to do..)

12.12.10. Executing OPT_MUXTREE pass (detect dead branches in mux trees).
Running muxtree optimizer on module \top_semaforo..
  Creating internal representation of mux trees.
  Evaluating internal representation of mux trees.
  Analyzing evaluation results.
Removed 0 multiplexer ports.
<suppressed ~72 debug messages>

12.12.11. Executing OPT_REDUCE pass (consolidate $*mux and $reduce_* inputs).
  Optimizing cells in module \top_semaforo.
Performed a total of 0 changes.

12.12.12. Executing OPT_MERGE pass (detect identical cells).
Finding identical cells in module `\top_semaforo'.
Computing hashes of 146 cells of `\top_semaforo'.
Finding duplicate cells in `\top_semaforo'.
Removed a total of 0 cells.

12.12.13. Executing OPT_DFF pass (perform DFF optimizations).

12.12.14. Executing OPT_CLEAN pass (remove unused cells and wires).
Finding unused cells or wires in module \top_semaforo..

12.12.15. Executing OPT_EXPR pass (perform const folding).
Optimizing module top_semaforo.

12.12.16. Finished fast OPT passes. (There is nothing left to do.)

12.13. Executing FSM pass (extract and optimize FSM).

12.13.1. Executing FSM_DETECT pass (finding FSMs in design).
Not marking top_semaforo.u_media.nivel_fluxo as FSM state register:
    Users of register don't seem to benefit from recoding.
Not marking top_semaforo.u_fsm.estado as FSM state register:
    Users of register don't seem to benefit from recoding.

12.13.2. Executing FSM_EXTRACT pass (extracting FSM from design).

12.13.3. Executing FSM_OPT pass (simple optimizations of FSMs).

12.13.4. Executing OPT_CLEAN pass (remove unused cells and wires).
Finding unused cells or wires in module \top_semaforo..

12.13.5. Executing FSM_OPT pass (simple optimizations of FSMs).

12.13.6. Executing FSM_RECODE pass (re-assigning FSM state encoding).

12.13.7. Executing FSM_INFO pass (dumping all available information on FSM cells).

12.13.8. Executing FSM_MAP pass (mapping FSMs to basic logic).

12.14. Executing OPT pass (performing simple optimizations).

12.14.1. Executing OPT_EXPR pass (perform const folding).
Optimizing module top_semaforo.

12.14.2. Executing OPT_MERGE pass (detect identical cells).
Finding identical cells in module `\top_semaforo'.
Computing hashes of 146 cells of `\top_semaforo'.
Finding duplicate cells in `\top_semaforo'.
Removed a total of 0 cells.

12.14.3. Executing OPT_MUXTREE pass (detect dead branches in mux trees).
Running muxtree optimizer on module \top_semaforo..
  Creating internal representation of mux trees.
  Evaluating internal representation of mux trees.
  Analyzing evaluation results.
Removed 0 multiplexer ports.
<suppressed ~72 debug messages>

12.14.4. Executing OPT_REDUCE pass (consolidate $*mux and $reduce_* inputs).
  Optimizing cells in module \top_semaforo.
Performed a total of 0 changes.

12.14.5. Executing OPT_MERGE pass (detect identical cells).
Finding identical cells in module `\top_semaforo'.
Computing hashes of 146 cells of `\top_semaforo'.
Finding duplicate cells in `\top_semaforo'.
Removed a total of 0 cells.

12.14.6. Executing OPT_DFF pass (perform DFF optimizations).
Adding EN signal on $flatten\u_telemetria.$procdff$680 ($adff) from module top_semaforo (D = $flatten\u_telemetria.$0\deslocamento[15:0], Q = \u_telemetria.deslocamento).
Adding EN signal on $procdff$660 ($adff) from module top_semaforo (D = \contagem_com_pulso, Q = \amostra_fluxo).
Adding EN signal on $procdff$650 ($adff) from module top_semaforo (D = $0\ticks_janela[3:0], Q = \ticks_janela).
Adding EN signal on $flatten\u_sensor.\u_debounce.$procdff$630 ($adff) from module top_semaforo (D = \u_sensor.u_debounce.sinc [1], Q = \u_sensor.u_debounce.saida).
Adding EN signal on $flatten\u_botao.\u_debounce.$procdff$759 ($adff) from module top_semaforo (D = \u_botao.u_debounce.sinc [1], Q = \u_botao.u_debounce.saida).
Adding EN signal on $flatten\u_botao.$procdff$709 ($adff) from module top_semaforo (D = $flatten\u_botao.$0\solicitacao_pedestre[0:0], Q = \u_botao.solicitacao_pedestre).
Adding EN signal on $flatten\u_historico.$procdff$695 ($adff) from module top_semaforo (D = $flatten\u_historico.$add$rtl/bram_historico.v:38$59_Y, Q = \u_historico.ponteiro_escrita).
Adding EN signal on $flatten\u_media.$procdff$734 ($adff) from module top_semaforo (D = \u_media.soma_nova, Q = \u_media.soma).
Adding EN signal on $flatten\u_media.$procdff$724 ($adff) from module top_semaforo (D = $flatten\u_media.$procmux$556_Y, Q = \u_media.nivel_fluxo).
Adding EN signal on $flatten\u_media.$procdff$729 ($adff) from module top_semaforo (D = $flatten\u_media.$add$rtl/media_movel_dsp.v:54$472_Y, Q = \u_media.amostras_validas).
Adding EN signal on $flatten\u_fsm.\u_contador.$procdff$754 ($adff) from module top_semaforo (D = $flatten\u_fsm.\u_contador.$0\valor_atual[5:0], Q = \u_fsm.u_contador.valor_atual).

12.14.7. Executing OPT_CLEAN pass (remove unused cells and wires).
Finding unused cells or wires in module \top_semaforo..
Removed 10 unused cells and 10 unused wires.
<suppressed ~11 debug messages>

12.14.8. Executing OPT_EXPR pass (perform const folding).
Optimizing module top_semaforo.
<suppressed ~4 debug messages>

12.14.9. Rerunning OPT passes. (Maybe there is more to do..)

12.14.10. Executing OPT_MUXTREE pass (detect dead branches in mux trees).
Running muxtree optimizer on module \top_semaforo..
  Creating internal representation of mux trees.
  Evaluating internal representation of mux trees.
  Analyzing evaluation results.
Removed 0 multiplexer ports.
<suppressed ~54 debug messages>

12.14.11. Executing OPT_REDUCE pass (consolidate $*mux and $reduce_* inputs).
  Optimizing cells in module \top_semaforo.
Performed a total of 0 changes.

12.14.12. Executing OPT_MERGE pass (detect identical cells).
Finding identical cells in module `\top_semaforo'.
Computing hashes of 145 cells of `\top_semaforo'.
Finding duplicate cells in `\top_semaforo'.
Removed a total of 0 cells.

12.14.13. Executing OPT_DFF pass (perform DFF optimizations).

12.14.14. Executing OPT_CLEAN pass (remove unused cells and wires).
Finding unused cells or wires in module \top_semaforo..

12.14.15. Executing OPT_EXPR pass (perform const folding).
Optimizing module top_semaforo.

12.14.16. Finished fast OPT passes. (There is nothing left to do.)

12.15. Executing WREDUCE pass (reducing word size of cells).
Removed top 7 bits (of 8) from port B of cell top_semaforo.$add$rtl/top_semaforo.v:105$82 ($add).
Removed top 5 bits (of 8) from port B of cell top_semaforo.$sub$rtl/top_semaforo.v:140$89 ($sub).
Removed top 1 bits (of 6) from mux cell top_semaforo.$procmux$502 ($pmux).
Removed top 7 bits (of 8) from port B of cell top_semaforo.$flatten\u_historico.$add$rtl/bram_historico.v:38$59 ($add).
Removed top 30 bits (of 32) from port B of cell top_semaforo.$flatten\u_media.$le$rtl/media_movel_dsp.v:60$474 ($le).
Removed top 31 bits (of 32) from port B of cell top_semaforo.$flatten\u_media.$le$rtl/media_movel_dsp.v:58$473 ($le).
Removed top 2 bits (of 3) from port B of cell top_semaforo.$flatten\u_media.$add$rtl/media_movel_dsp.v:54$472 ($add).
Removed top 12 bits (of 28) from port B of cell top_semaforo.$flatten\u_media.$add$rtl/media_movel_dsp.v:43$468 ($add).
Removed top 4 bits (of 28) from port Y of cell top_semaforo.$flatten\u_media.$add$rtl/media_movel_dsp.v:43$468 ($add).
Removed top 4 bits (of 28) from port A of cell top_semaforo.$flatten\u_media.$add$rtl/media_movel_dsp.v:43$468 ($add).
Removed top 3 bits (of 17) from port B of cell top_semaforo.$flatten\u_media.$mul$rtl/media_movel_dsp.v:42$467 ($mul).
Removed top 4 bits (of 28) from port Y of cell top_semaforo.$flatten\u_media.$mul$rtl/media_movel_dsp.v:42$467 ($mul).
Removed top 1 bits (of 2) from port B of cell top_semaforo.$flatten\u_fsm.$procmux$596_CMP0 ($eq).
Removed top 1 bits (of 2) from port B of cell top_semaforo.$flatten\u_fsm.$procmux$565_CMP0 ($eq).
Removed top 1 bits (of 6) from mux cell top_semaforo.$flatten\u_fsm.$procmux$563 ($pmux).
Removed top 1 bits (of 6) from port B of cell top_semaforo.$flatten\u_fsm.$lt$rtl/fsm_semaforo.v:130$460 ($lt).
Removed top 1 bits (of 2) from port B of cell top_semaforo.$flatten\u_leds_carro.$eq$rtl/estado_basico_decoder.v:15$46 ($eq).
Removed top 4 bits (of 16) from wire top_semaforo.quadro_telemetria.
Removed top 1 bits (of 6) from wire top_semaforo.tempo_verde.

12.16. Executing PEEPOPT pass (run peephole optimizers).

12.17. Executing OPT_CLEAN pass (remove unused cells and wires).
Finding unused cells or wires in module \top_semaforo..
Removed 0 unused cells and 2 unused wires.
<suppressed ~1 debug messages>

12.18. Executing SHARE pass (SAT-based resource sharing).

12.19. Executing TECHMAP pass (map to technology primitives).

12.19.1. Executing Verilog-2005 frontend: /share/mul2dsp.v
Parsing Verilog input from `/share/mul2dsp.v' to AST representation.
Generating RTLIL representation for module `\_80_mul'.
Generating RTLIL representation for module `\_90_soft_mul'.
Successfully finished Verilog frontend.

12.19.2. Continuing TECHMAP pass.
Using template $paramod$3eb35e7fa3f55d11d7c6c7bb5507c82eecb25801\_80_mul for cells of type $mul.
Using template $paramod$f1708ccc5b648a91fd1fe0b4ca87106a0aff1c80\_90_soft_mul for cells of type $mul.
No more expansions possible.
<suppressed ~59 debug messages>

12.20. Executing TECHMAP pass (map to technology primitives).

12.20.1. Executing Verilog-2005 frontend: /share/mul2dsp.v
Parsing Verilog input from `/share/mul2dsp.v' to AST representation.
Generating RTLIL representation for module `\_80_mul'.
Generating RTLIL representation for module `\_90_soft_mul'.
Successfully finished Verilog frontend.

12.20.2. Continuing TECHMAP pass.
Using template $paramod$95d47c71c59c1bcc12ae5f93d54dfbb10ee931af\_80_mul for cells of type $mul.
No more expansions possible.
<suppressed ~70 debug messages>

12.21. Executing TECHMAP pass (map to technology primitives).

12.21.1. Executing Verilog-2005 frontend: /share/mul2dsp.v
Parsing Verilog input from `/share/mul2dsp.v' to AST representation.
Generating RTLIL representation for module `\_80_mul'.
Generating RTLIL representation for module `\_90_soft_mul'.
Successfully finished Verilog frontend.

12.21.2. Continuing TECHMAP pass.
No more expansions possible.
<suppressed ~4 debug messages>

12.22. Executing TECHMAP pass (map to technology primitives).

12.22.1. Executing Verilog-2005 frontend: /share/mul2dsp.v
Parsing Verilog input from `/share/mul2dsp.v' to AST representation.
Generating RTLIL representation for module `\_80_mul'.
Generating RTLIL representation for module `\_90_soft_mul'.
Successfully finished Verilog frontend.

12.22.2. Continuing TECHMAP pass.
No more expansions possible.
<suppressed ~4 debug messages>

12.23. Executing TECHMAP pass (map to technology primitives).

12.23.1. Executing Verilog-2005 frontend: /share/gowin/dsp_map.v
Parsing Verilog input from `/share/gowin/dsp_map.v' to AST representation.
Generating RTLIL representation for module `$__MUL9X9'.
Generating RTLIL representation for module `$__MUL18X18'.
Generating RTLIL representation for module `$__MUL36X36'.
Successfully finished Verilog frontend.

12.23.2. Continuing TECHMAP pass.
Using template $paramod$df5c690bc907eccc9231a41f545b40cf939a67d2$__MUL18X18 for cells of type $__MUL18X18.
No more expansions possible.
<suppressed ~23 debug messages>

12.24. Executing ALUMACC pass (create $alu and $macc cells).
Extracting $alu and $macc cells in module top_semaforo:
  creating $macc model for $flatten\u_fsm.\u_contador.$sub$rtl/contador_tempo.v:29$444 ($sub).
  creating $macc model for $flatten\u_media.$sub$rtl/media_movel_dsp.v:41$465 ($sub).
  creating $macc model for $flatten\u_media.$add$rtl/media_movel_dsp.v:41$466 ($add).
  creating $macc model for $flatten\u_media.$add$rtl/media_movel_dsp.v:43$468 ($add).
  creating $macc model for $flatten\u_media.$add$rtl/media_movel_dsp.v:54$472 ($add).
  creating $macc model for $flatten\u_historico.$add$rtl/bram_historico.v:38$59 ($add).
  creating $macc model for $flatten\u_botao.\u_debounce.$add$rtl/debounce.v:39$439 ($add).
  creating $macc model for $flatten\u_sensor.\u_debounce.$add$rtl/debounce.v:39$434 ($add).
  creating $macc model for $flatten\u_prescaler.$add$rtl/prescaler.v:28$488 ($add).
  creating $macc model for $sub$rtl/top_semaforo.v:140$89 ($sub).
  creating $macc model for $add$rtl/top_semaforo.v:124$88 ($add).
  creating $macc model for $add$rtl/top_semaforo.v:105$82 ($add).
  merging $macc model for $flatten\u_media.$sub$rtl/media_movel_dsp.v:41$465 into $flatten\u_media.$add$rtl/media_movel_dsp.v:41$466.
  creating $alu model for $macc $add$rtl/top_semaforo.v:124$88.
  creating $alu model for $macc $sub$rtl/top_semaforo.v:140$89.
  creating $alu model for $macc $flatten\u_prescaler.$add$rtl/prescaler.v:28$488.
  creating $alu model for $macc $flatten\u_sensor.\u_debounce.$add$rtl/debounce.v:39$434.
  creating $alu model for $macc $flatten\u_botao.\u_debounce.$add$rtl/debounce.v:39$439.
  creating $alu model for $macc $flatten\u_historico.$add$rtl/bram_historico.v:38$59.
  creating $alu model for $macc $flatten\u_media.$add$rtl/media_movel_dsp.v:54$472.
  creating $alu model for $macc $flatten\u_media.$add$rtl/media_movel_dsp.v:43$468.
  creating $alu model for $macc $add$rtl/top_semaforo.v:105$82.
  creating $alu model for $macc $flatten\u_fsm.\u_contador.$sub$rtl/contador_tempo.v:29$444.
  creating $macc cell for $flatten\u_media.$add$rtl/media_movel_dsp.v:41$466: $auto$alumacc.cc:399:replace_macc$816
  creating $alu model for $flatten\u_media.$le$rtl/media_movel_dsp.v:58$473 ($le): new $alu
  creating $alu model for $flatten\u_media.$le$rtl/media_movel_dsp.v:60$474 ($le): new $alu
  creating $alu model for $flatten\u_fsm.$lt$rtl/fsm_semaforo.v:130$460 ($lt): new $alu
  creating $alu cell for $flatten\u_fsm.$lt$rtl/fsm_semaforo.v:130$460: $auto$alumacc.cc:548:replace_alu$820
  creating $alu cell for $flatten\u_media.$le$rtl/media_movel_dsp.v:60$474: $auto$alumacc.cc:548:replace_alu$825
  creating $alu cell for $flatten\u_media.$le$rtl/media_movel_dsp.v:58$473: $auto$alumacc.cc:548:replace_alu$834
  creating $alu cell for $flatten\u_fsm.\u_contador.$sub$rtl/contador_tempo.v:29$444: $auto$alumacc.cc:548:replace_alu$843
  creating $alu cell for $add$rtl/top_semaforo.v:105$82: $auto$alumacc.cc:548:replace_alu$846
  creating $alu cell for $flatten\u_media.$add$rtl/media_movel_dsp.v:43$468: $auto$alumacc.cc:548:replace_alu$849
  creating $alu cell for $flatten\u_media.$add$rtl/media_movel_dsp.v:54$472: $auto$alumacc.cc:548:replace_alu$852
  creating $alu cell for $flatten\u_historico.$add$rtl/bram_historico.v:38$59: $auto$alumacc.cc:548:replace_alu$855
  creating $alu cell for $flatten\u_botao.\u_debounce.$add$rtl/debounce.v:39$439: $auto$alumacc.cc:548:replace_alu$858
  creating $alu cell for $flatten\u_sensor.\u_debounce.$add$rtl/debounce.v:39$434: $auto$alumacc.cc:548:replace_alu$861
  creating $alu cell for $flatten\u_prescaler.$add$rtl/prescaler.v:28$488: $auto$alumacc.cc:548:replace_alu$864
  creating $alu cell for $sub$rtl/top_semaforo.v:140$89: $auto$alumacc.cc:548:replace_alu$867
  creating $alu cell for $add$rtl/top_semaforo.v:124$88: $auto$alumacc.cc:548:replace_alu$870
  created 13 $alu and 1 $macc cells.

12.25. Executing OPT pass (performing simple optimizations).

12.25.1. Executing OPT_EXPR pass (perform const folding).
Optimizing module top_semaforo.

12.25.2. Executing OPT_MERGE pass (detect identical cells).
Finding identical cells in module `\top_semaforo'.
Computing hashes of 152 cells of `\top_semaforo'.
Finding duplicate cells in `\top_semaforo'.
Removed a total of 0 cells.

12.25.3. Executing OPT_MUXTREE pass (detect dead branches in mux trees).
Running muxtree optimizer on module \top_semaforo..
  Creating internal representation of mux trees.
  Evaluating internal representation of mux trees.
  Analyzing evaluation results.
Removed 0 multiplexer ports.
<suppressed ~54 debug messages>

12.25.4. Executing OPT_REDUCE pass (consolidate $*mux and $reduce_* inputs).
  Optimizing cells in module \top_semaforo.
Performed a total of 0 changes.

12.25.5. Executing OPT_MERGE pass (detect identical cells).
Finding identical cells in module `\top_semaforo'.
Computing hashes of 152 cells of `\top_semaforo'.
Finding duplicate cells in `\top_semaforo'.
Removed a total of 0 cells.

12.25.6. Executing OPT_DFF pass (perform DFF optimizations).

12.25.7. Executing OPT_CLEAN pass (remove unused cells and wires).
Finding unused cells or wires in module \top_semaforo..
Removed 1 unused cells and 18 unused wires.
<suppressed ~2 debug messages>

12.25.8. Executing OPT_EXPR pass (perform const folding).
Optimizing module top_semaforo.

12.25.9. Rerunning OPT passes. (Maybe there is more to do..)

12.25.10. Executing OPT_MUXTREE pass (detect dead branches in mux trees).
Running muxtree optimizer on module \top_semaforo..
  Creating internal representation of mux trees.
  Evaluating internal representation of mux trees.
  Analyzing evaluation results.
Removed 0 multiplexer ports.
<suppressed ~54 debug messages>

12.25.11. Executing OPT_REDUCE pass (consolidate $*mux and $reduce_* inputs).
  Optimizing cells in module \top_semaforo.
Performed a total of 0 changes.

12.25.12. Executing OPT_MERGE pass (detect identical cells).
Finding identical cells in module `\top_semaforo'.
Computing hashes of 151 cells of `\top_semaforo'.
Finding duplicate cells in `\top_semaforo'.
Removed a total of 0 cells.

12.25.13. Executing OPT_DFF pass (perform DFF optimizations).

12.25.14. Executing OPT_CLEAN pass (remove unused cells and wires).
Finding unused cells or wires in module \top_semaforo..

12.25.15. Executing OPT_EXPR pass (perform const folding).
Optimizing module top_semaforo.

12.25.16. Finished fast OPT passes. (There is nothing left to do.)

12.26. Executing MEMORY pass.

12.26.1. Executing OPT_MEM pass (optimize memories).
Performed a total of 0 transformations.

12.26.2. Executing OPT_MEM_PRIORITY pass (removing unnecessary memory write priority relations).
Performed a total of 0 transformations.

12.26.3. Executing OPT_MEM_FEEDBACK pass (finding memory read-to-write feedback paths).
  Analyzing top_semaforo.u_historico.memoria write port 0.

12.26.4. Executing MEMORY_BMUX2ROM pass (converting muxes to ROMs).

12.26.5. Executing MEMORY_DFF pass (merging $dff cells to $memrd).
Checking read port `\u_historico.memoria'[0] in module `\top_semaforo': merging output FF to cell.
    Write port 0: don't care on collision.

12.26.6. Executing OPT_CLEAN pass (remove unused cells and wires).
Finding unused cells or wires in module \top_semaforo..
Removed 1 unused cells and 9 unused wires.
<suppressed ~2 debug messages>

12.26.7. Executing MEMORY_SHARE pass (consolidating $memrd/$memwr cells).

12.26.8. Executing OPT_MEM_WIDEN pass (optimize memories where all ports are wide).
Performed a total of 0 transformations.

12.26.9. Executing OPT_CLEAN pass (remove unused cells and wires).
Finding unused cells or wires in module \top_semaforo..

12.26.10. Executing MEMORY_COLLECT pass (generating $mem cells).

12.27. Executing OPT_CLEAN pass (remove unused cells and wires).
Finding unused cells or wires in module \top_semaforo..

12.28. Executing MEMORY_LIBMAP pass (mapping memories to cells).
found attribute 'ram_style = block' on memory top_semaforo.u_historico.memoria, forced mapping to block RAM
mapping memory top_semaforo.u_historico.memoria via $__GOWIN_DP_
<suppressed ~223 debug messages>

12.29. Executing TECHMAP pass (map to technology primitives).

12.29.1. Executing Verilog-2005 frontend: /share/gowin/lutrams_map.v
Parsing Verilog input from `/share/gowin/lutrams_map.v' to AST representation.
Generating RTLIL representation for module `$__GOWIN_LUTRAM_'.
Successfully finished Verilog frontend.

12.29.2. Executing Verilog-2005 frontend: /share/gowin/brams_map.v
Parsing Verilog input from `/share/gowin/brams_map.v' to AST representation.
Generating RTLIL representation for module `$__GOWIN_SP_'.
Generating RTLIL representation for module `$__GOWIN_DP_'.
Generating RTLIL representation for module `$__GOWIN_SDP_'.
Successfully finished Verilog frontend.

12.29.3. Continuing TECHMAP pass.
Using template $paramod$7548bd16310fb138f374a81d2580786f44d367d5$__GOWIN_DP_ for cells of type $__GOWIN_DP_.
No more expansions possible.
<suppressed ~30 debug messages>

12.30. Executing OPT pass (performing simple optimizations).

12.30.1. Executing OPT_EXPR pass (perform const folding).
Optimizing module top_semaforo.
<suppressed ~19 debug messages>

12.30.2. Executing OPT_MERGE pass (detect identical cells).
Finding identical cells in module `\top_semaforo'.
Computing hashes of 138 cells of `\top_semaforo'.
Finding duplicate cells in `\top_semaforo'.
Removed a total of 0 cells.

12.30.3. Executing OPT_DFF pass (perform DFF optimizations).

12.30.4. Executing OPT_CLEAN pass (remove unused cells and wires).
Finding unused cells or wires in module \top_semaforo..
Removed 0 unused cells and 36 unused wires.
<suppressed ~1 debug messages>

12.30.5. Finished fast OPT passes.

12.31. Executing MEMORY_MAP pass (converting memories to logic and flip-flops).

12.32. Executing OPT pass (performing simple optimizations).

12.32.1. Executing OPT_EXPR pass (perform const folding).
Optimizing module top_semaforo.

12.32.2. Executing OPT_MERGE pass (detect identical cells).
Finding identical cells in module `\top_semaforo'.
Computing hashes of 138 cells of `\top_semaforo'.
Finding duplicate cells in `\top_semaforo'.
Removed a total of 0 cells.

12.32.3. Executing OPT_MUXTREE pass (detect dead branches in mux trees).
Running muxtree optimizer on module \top_semaforo..
  Creating internal representation of mux trees.
  Evaluating internal representation of mux trees.
  Analyzing evaluation results.
Removed 0 multiplexer ports.
<suppressed ~37 debug messages>

12.32.4. Executing OPT_REDUCE pass (consolidate $*mux and $reduce_* inputs).
  Optimizing cells in module \top_semaforo.
    Consolidated identical input bits for $pmux cell $procmux$502:
      Old ports: A=5'01010, B=10'0010110100, Y=\tempo_verde
      New ports: A=4'0010, B=8'01011100, Y={ \tempo_verde [4] \tempo_verde [2:0] }
      New connections: \tempo_verde [3] = \tempo_verde [1]
  Optimizing cells in module \top_semaforo.
Performed a total of 1 changes.

12.32.5. Executing OPT_MERGE pass (detect identical cells).
Finding identical cells in module `\top_semaforo'.
Computing hashes of 138 cells of `\top_semaforo'.
Finding duplicate cells in `\top_semaforo'.
Removed a total of 0 cells.

12.32.6. Executing OPT_DFF pass (perform DFF optimizations).

12.32.7. Executing OPT_CLEAN pass (remove unused cells and wires).
Finding unused cells or wires in module \top_semaforo..

12.32.8. Executing OPT_EXPR pass (perform const folding).
Optimizing module top_semaforo.

12.32.9. Rerunning OPT passes. (Maybe there is more to do..)

12.32.10. Executing OPT_MUXTREE pass (detect dead branches in mux trees).
Running muxtree optimizer on module \top_semaforo..
  Creating internal representation of mux trees.
  Evaluating internal representation of mux trees.
  Analyzing evaluation results.
Removed 0 multiplexer ports.
<suppressed ~37 debug messages>

12.32.11. Executing OPT_REDUCE pass (consolidate $*mux and $reduce_* inputs).
  Optimizing cells in module \top_semaforo.
Performed a total of 0 changes.

12.32.12. Executing OPT_MERGE pass (detect identical cells).
Finding identical cells in module `\top_semaforo'.
Computing hashes of 138 cells of `\top_semaforo'.
Finding duplicate cells in `\top_semaforo'.
Removed a total of 0 cells.

12.32.13. Executing OPT_DFF pass (perform DFF optimizations).

12.32.14. Executing OPT_CLEAN pass (remove unused cells and wires).
Finding unused cells or wires in module \top_semaforo..

12.32.15. Executing OPT_EXPR pass (perform const folding).
Optimizing module top_semaforo.

12.32.16. Finished fast OPT passes. (There is nothing left to do.)

12.33. Executing TECHMAP pass (map to technology primitives).

12.33.1. Executing Verilog-2005 frontend: /share/techmap.v
Parsing Verilog input from `/share/techmap.v' to AST representation.
Generating RTLIL representation for module `\_90_simplemap_bool_ops'.
Generating RTLIL representation for module `\_90_simplemap_reduce_ops'.
Generating RTLIL representation for module `\_90_simplemap_logic_ops'.
Generating RTLIL representation for module `\_90_simplemap_compare_ops'.
Generating RTLIL representation for module `\_90_simplemap_various'.
Generating RTLIL representation for module `\_90_simplemap_registers'.
Generating RTLIL representation for module `\_90_shift_ops_shr_shl_sshl_sshr'.
Generating RTLIL representation for module `\_90_shift_shiftx'.
Generating RTLIL representation for module `\_90_fa'.
Generating RTLIL representation for module `\_90_lcu_brent_kung'.
Generating RTLIL representation for module `\_90_alu'.
Generating RTLIL representation for module `\_90_macc'.
Generating RTLIL representation for module `\_90_alumacc'.
Generating RTLIL representation for module `$__div_mod_u'.
Generating RTLIL representation for module `$__div_mod_trunc'.
Generating RTLIL representation for module `\_90_div'.
Generating RTLIL representation for module `\_90_mod'.
Generating RTLIL representation for module `$__div_mod_floor'.
Generating RTLIL representation for module `\_90_divfloor'.
Generating RTLIL representation for module `\_90_modfloor'.
Generating RTLIL representation for module `\_90_pow'.
Generating RTLIL representation for module `\_90_demux'.
Generating RTLIL representation for module `\_90_lut'.
Generating RTLIL representation for module `$connect'.
Generating RTLIL representation for module `$input_port'.
Successfully finished Verilog frontend.

12.33.2. Executing Verilog-2005 frontend: /share/gowin/arith_map.v
Parsing Verilog input from `/share/gowin/arith_map.v' to AST representation.
Generating RTLIL representation for module `\_80_gw1n_alu'.
Successfully finished Verilog frontend.

12.33.3. Continuing TECHMAP pass.
Using template $paramod$32a7b7b86c07519b7537abc18e96f0331f97914d\_80_gw1n_alu for cells of type $alu.
Using template $paramod$4504179771182265d0fe43701f70377fc04ca361\_80_gw1n_alu for cells of type $alu.
Using template $paramod$c6885379b74fbbf6906b35106e386e521d86cbb2\_80_gw1n_alu for cells of type $alu.
Using template $paramod$ea402187f386206c0840504755479bf827f47707\_80_gw1n_alu for cells of type $alu.
Using template $paramod$ce0ec84be7047712840b0952f343ee9e63ef75d1\_80_gw1n_alu for cells of type $alu.
Using template $paramod$c3cd1564c35d873179656addd6052d7ea8b6d991\_80_gw1n_alu for cells of type $alu.
Using template $paramod$3ef7d3dd227da7627a99c5e5a6a4deb817573e39\_80_gw1n_alu for cells of type $alu.
Using template $paramod$53700bbee849b2010ad0b60a61ccd204a10e24ca\_80_gw1n_alu for cells of type $alu.
Using template $paramod$a04dd9d4d8b430140c4ff94b50470fb380fda2a0\_80_gw1n_alu for cells of type $alu.
Using extmapper simplemap for cells of type $reduce_or.
Using extmapper simplemap for cells of type $reduce_and.
Using extmapper simplemap for cells of type $not.
Using template $paramod$403a3c2fa431a154c52a6a5429d7a6260b5d144f\_80_gw1n_alu for cells of type $alu.
Using template $paramod$65af072f6065f0ed27ad80c8089003dcba6e1c40\_80_gw1n_alu for cells of type $alu.
Using template $paramod$a40b3a69ab2154dca9743e30e1e84efb03b892b4\_80_gw1n_alu for cells of type $alu.
Using extmapper maccmap for cells of type $macc_v2.
  add \u_media.soma (11 bits, unsigned)
  add \amostra_fluxo (8 bits, unsigned)
  sub \u_media.valor_saindo (8 bits, unsigned)
  packed 1 (1) bits / 1 words into adder tree
Using extmapper simplemap for cells of type $reduce_bool.
Using extmapper simplemap for cells of type $adffe.
Using extmapper simplemap for cells of type $ne.
Using extmapper simplemap for cells of type $logic_and.
Using extmapper simplemap for cells of type $mux.
Using extmapper simplemap for cells of type $eq.
Using extmapper simplemap for cells of type $pmux.
Using extmapper simplemap for cells of type $logic_not.
Using extmapper simplemap for cells of type $adff.
Using extmapper simplemap for cells of type $and.
Using extmapper simplemap for cells of type $logic_or.
Using template $paramod\_90_fa\WIDTH=32'00000000000000000000000000001011 for cells of type $fa.
Using template $paramod$ec32b97001540459632a2df9accd677d3703ea0f\_80_gw1n_alu for cells of type $alu.
Using extmapper simplemap for cells of type $pos.
Using extmapper simplemap for cells of type $xor.
Using extmapper simplemap for cells of type $or.
No more expansions possible.
<suppressed ~638 debug messages>

12.34. Executing OPT pass (performing simple optimizations).

12.34.1. Executing OPT_EXPR pass (perform const folding).
Optimizing module top_semaforo.
<suppressed ~682 debug messages>

12.34.2. Executing OPT_MERGE pass (detect identical cells).
Finding identical cells in module `\top_semaforo'.
Computing hashes of 839 cells of `\top_semaforo'.
Finding duplicate cells in `\top_semaforo'.
Computing hashes of 812 cells of `\top_semaforo'.
Finding duplicate cells in `\top_semaforo'.
Computing hashes of 807 cells of `\top_semaforo'.
Finding duplicate cells in `\top_semaforo'.
Computing hashes of 804 cells of `\top_semaforo'.
Finding duplicate cells in `\top_semaforo'.
<suppressed ~105 debug messages>
Removed a total of 35 cells.

12.34.3. Executing OPT_DFF pass (perform DFF optimizations).

12.34.4. Executing OPT_CLEAN pass (remove unused cells and wires).
Finding unused cells or wires in module \top_semaforo..
Removed 40 unused cells and 507 unused wires.
<suppressed ~41 debug messages>

12.34.5. Finished fast OPT passes.

12.35. Executing IOPADMAP pass (mapping inputs/outputs to IO-PAD cells).
Mapping port top_semaforo.miso using OBUF.
Mapping port top_semaforo.cs_n using IBUF.
Mapping port top_semaforo.sclk using IBUF.
Mapping port top_semaforo.led_ped_vermelho using OBUF.
Mapping port top_semaforo.led_ped_verde using OBUF.
Mapping port top_semaforo.led_verde using OBUF.
Mapping port top_semaforo.led_amarelo using OBUF.
Mapping port top_semaforo.led_vermelho using OBUF.
Mapping port top_semaforo.sensor_raw using IBUF.
Mapping port top_semaforo.botao_raw using IBUF.
Mapping port top_semaforo.rst_n using IBUF.
Mapping port top_semaforo.clk using IBUF.

12.36. Executing OPT_CLEAN pass (remove unused cells and wires).
Finding unused cells or wires in module \top_semaforo..
Removed 0 unused cells and 8 unused wires.
<suppressed ~1 debug messages>

12.37. Executing DFFLEGALIZE pass (convert FFs and LATCHes to types supported by the target).

12.38. Executing TECHMAP pass (map to technology primitives).

12.38.1. Executing Verilog-2005 frontend: /share/gowin/cells_map.v
Parsing Verilog input from `/share/gowin/cells_map.v' to AST representation.
Generating RTLIL representation for module `$_DFF_N_'.
Generating RTLIL representation for module `$_DFF_P_'.
Generating RTLIL representation for module `$_DFFE_PP_'.
Generating RTLIL representation for module `$_DFFE_NP_'.
Generating RTLIL representation for module `$_SDFF_PP0_'.
Generating RTLIL representation for module `$_SDFF_NP0_'.
Generating RTLIL representation for module `$_SDFFE_PP0P_'.
Generating RTLIL representation for module `$_SDFFE_NP0P_'.
Generating RTLIL representation for module `$_SDFF_PP1_'.
Generating RTLIL representation for module `$_SDFF_NP1_'.
Generating RTLIL representation for module `$_SDFFE_PP1P_'.
Generating RTLIL representation for module `$_SDFFE_NP1P_'.
Generating RTLIL representation for module `$_DFF_PP1_'.
Generating RTLIL representation for module `$_DFF_NP1_'.
Generating RTLIL representation for module `$_DFF_PP0_'.
Generating RTLIL representation for module `$_DFF_NP0_'.
Generating RTLIL representation for module `$_DFFE_PP1P_'.
Generating RTLIL representation for module `$_DFFE_NP1P_'.
Generating RTLIL representation for module `$_DFFE_PP0P_'.
Generating RTLIL representation for module `$_DFFE_NP0P_'.
Generating RTLIL representation for module `$lut'.
Successfully finished Verilog frontend.

12.38.2. Continuing TECHMAP pass.
Using template $_DFF_PP0_ for cells of type $_DFF_PP0_.
Using template $_DFF_PP1_ for cells of type $_DFF_PP1_.
Using template $_DFFE_PP0P_ for cells of type $_DFFE_PP0P_.
No more expansions possible.
<suppressed ~174 debug messages>

12.39. Executing TECHMAP pass (map to technology primitives).

12.39.1. Executing Verilog-2005 frontend: /share/gowin/cells_latch.v
Parsing Verilog input from `/share/gowin/cells_latch.v' to AST representation.
Generating RTLIL representation for module `$_DLATCH_P_'.
Generating RTLIL representation for module `$_DLATCH_N_'.
Generating RTLIL representation for module `$_DLATCH_PP0_'.
Generating RTLIL representation for module `$_DLATCH_NP0_'.
Generating RTLIL representation for module `$_DLATCH_PP1_'.
Generating RTLIL representation for module `$_DLATCH_NP1_'.
Successfully finished Verilog frontend.

12.39.2. Continuing TECHMAP pass.
No more expansions possible.
<suppressed ~8 debug messages>

12.40. Executing OPT_EXPR pass (perform const folding).
Optimizing module top_semaforo.

12.41. Executing SIMPLEMAP pass (map simple cells to gate primitives).

12.42. Executing SORT pass.

12.43. Executing Verilog-2005 frontend: /share/abc9_model.v
Parsing Verilog input from `/share/abc9_model.v' to AST representation.
Generating RTLIL representation for module `$__ABC9_DELAY'.
Generating RTLIL representation for module `$__ABC9_SCC_BREAKER'.
Generating RTLIL representation for module `$__DFF_N__$abc9_flop'.
Generating RTLIL representation for module `$__DFF_P__$abc9_flop'.
Successfully finished Verilog frontend.

12.44. Executing ABC9 pass.

12.44.1. Executing ABC9_OPS pass (helper functions for ABC9).

12.44.2. Executing ABC9_OPS pass (helper functions for ABC9).

12.44.3. Executing PROC pass (convert processes to netlists).

12.44.3.1. Executing PROC_CLEAN pass (remove empty switches from decision trees).
Found and cleaned up 1 empty switch in `$paramod\ALU\ALU_MODE=s32'00000000000000000000000000000010.$proc$/share/gowin/cells_sim.v:1064$3419'.
Cleaned up 1 empty switch.

12.44.3.2. Executing PROC_RMDEAD pass (remove dead branches from decision trees).
Removed a total of 0 dead cases.

12.44.3.3. Executing PROC_PRUNE pass (remove redundant assignments in processes).
Removed 0 redundant assignments.
Promoted 4 assignments to connections.

12.44.3.4. Executing PROC_INIT pass (extract init attributes).

12.44.3.5. Executing PROC_ARST pass (detect async resets in processes).

12.44.3.6. Executing PROC_ROM pass (convert switches to ROMs).
Converted 0 switches.

12.44.3.7. Executing PROC_MUX pass (convert decision trees to multiplexers).
Creating decoders for process `$paramod\ALU\ALU_MODE=s32'00000000000000000000000000000010.$proc$/share/gowin/cells_sim.v:1064$3419'.

12.44.3.8. Executing PROC_DLATCH pass (convert process syncs to latches).
No latch inferred for signal `$paramod\ALU\ALU_MODE=s32'00000000000000000000000000000010.\C' from process `$paramod\ALU\ALU_MODE=s32'00000000000000000000000000000010.$proc$/share/gowin/cells_sim.v:1064$3419'.
No latch inferred for signal `$paramod\ALU\ALU_MODE=s32'00000000000000000000000000000010.\S' from process `$paramod\ALU\ALU_MODE=s32'00000000000000000000000000000010.$proc$/share/gowin/cells_sim.v:1064$3419'.

12.44.3.9. Executing PROC_DFF pass (convert process syncs to FFs).

12.44.3.10. Executing PROC_MEMWR pass (convert process memory writes to cells).

12.44.3.11. Executing PROC_CLEAN pass (remove empty switches from decision trees).
Removing empty process `$paramod\ALU\ALU_MODE=s32'00000000000000000000000000000010.$proc$/share/gowin/cells_sim.v:1064$3419'.
Cleaned up 0 empty switches.

12.44.4. Executing PROC pass (convert processes to netlists).

12.44.4.1. Executing PROC_CLEAN pass (remove empty switches from decision trees).
Cleaned up 0 empty switches.

12.44.4.2. Executing PROC_RMDEAD pass (remove dead branches from decision trees).
Marked 1 switch rules as full_case in process $proc$/share/gowin/cells_sim.v:348$293 in module DFFCE.
Removed a total of 0 dead cases.

12.44.4.3. Executing PROC_PRUNE pass (remove redundant assignments in processes).
Removed 0 redundant assignments.
Promoted 1 assignment to connection.

12.44.4.4. Executing PROC_INIT pass (extract init attributes).
Found init rule in `\DFFCE.$proc$/share/gowin/cells_sim.v:339$294'.
  Set init value: \Q = 1'0

12.44.4.5. Executing PROC_ARST pass (detect async resets in processes).
Found async reset \CLEAR in `\DFFCE.$proc$/share/gowin/cells_sim.v:348$293'.

12.44.4.6. Executing PROC_ROM pass (convert switches to ROMs).
Converted 0 switches.
<suppressed ~1 debug messages>

12.44.4.7. Executing PROC_MUX pass (convert decision trees to multiplexers).
Creating decoders for process `\DFFCE.$proc$/share/gowin/cells_sim.v:339$294'.
Creating decoders for process `\DFFCE.$proc$/share/gowin/cells_sim.v:348$293'.
     1/1: $0\Q[0:0]

12.44.4.8. Executing PROC_DLATCH pass (convert process syncs to latches).

12.44.4.9. Executing PROC_DFF pass (convert process syncs to FFs).
Creating register for signal `\DFFCE.\Q' using process `\DFFCE.$proc$/share/gowin/cells_sim.v:348$293'.
  created $adff cell `$procdff$3428' with positive edge clock and positive level reset.

12.44.4.10. Executing PROC_MEMWR pass (convert process memory writes to cells).

12.44.4.11. Executing PROC_CLEAN pass (remove empty switches from decision trees).
Removing empty process `DFFCE.$proc$/share/gowin/cells_sim.v:339$294'.
Found and cleaned up 1 empty switch in `\DFFCE.$proc$/share/gowin/cells_sim.v:348$293'.
Removing empty process `DFFCE.$proc$/share/gowin/cells_sim.v:348$293'.
Cleaned up 1 empty switch.

12.44.5. Executing PROC pass (convert processes to netlists).

12.44.5.1. Executing PROC_CLEAN pass (remove empty switches from decision trees).
Cleaned up 0 empty switches.

12.44.5.2. Executing PROC_RMDEAD pass (remove dead branches from decision trees).
Marked 1 switch rules as full_case in process $proc$/share/gowin/cells_sim.v:328$291 in module DFFC.
Removed a total of 0 dead cases.

12.44.5.3. Executing PROC_PRUNE pass (remove redundant assignments in processes).
Removed 1 redundant assignment.
Promoted 1 assignment to connection.

12.44.5.4. Executing PROC_INIT pass (extract init attributes).
Found init rule in `\DFFC.$proc$/share/gowin/cells_sim.v:320$292'.
  Set init value: \Q = 1'0

12.44.5.5. Executing PROC_ARST pass (detect async resets in processes).
Found async reset \CLEAR in `\DFFC.$proc$/share/gowin/cells_sim.v:328$291'.

12.44.5.6. Executing PROC_ROM pass (convert switches to ROMs).
Converted 0 switches.

12.44.5.7. Executing PROC_MUX pass (convert decision trees to multiplexers).
Creating decoders for process `\DFFC.$proc$/share/gowin/cells_sim.v:320$292'.
Creating decoders for process `\DFFC.$proc$/share/gowin/cells_sim.v:328$291'.
     1/1: $0\Q[0:0]

12.44.5.8. Executing PROC_DLATCH pass (convert process syncs to latches).

12.44.5.9. Executing PROC_DFF pass (convert process syncs to FFs).
Creating register for signal `\DFFC.\Q' using process `\DFFC.$proc$/share/gowin/cells_sim.v:328$291'.
  created $adff cell `$procdff$3431' with positive edge clock and positive level reset.

12.44.5.10. Executing PROC_MEMWR pass (convert process memory writes to cells).

12.44.5.11. Executing PROC_CLEAN pass (remove empty switches from decision trees).
Removing empty process `DFFC.$proc$/share/gowin/cells_sim.v:320$292'.
Removing empty process `DFFC.$proc$/share/gowin/cells_sim.v:328$291'.
Cleaned up 0 empty switches.

12.44.6. Executing PROC pass (convert processes to netlists).

12.44.6.1. Executing PROC_CLEAN pass (remove empty switches from decision trees).
Cleaned up 0 empty switches.

12.44.6.2. Executing PROC_RMDEAD pass (remove dead branches from decision trees).
Marked 1 switch rules as full_case in process $proc$/share/gowin/cells_sim.v:289$287 in module DFFP.
Removed a total of 0 dead cases.

12.44.6.3. Executing PROC_PRUNE pass (remove redundant assignments in processes).
Removed 1 redundant assignment.
Promoted 1 assignment to connection.

12.44.6.4. Executing PROC_INIT pass (extract init attributes).
Found init rule in `\DFFP.$proc$/share/gowin/cells_sim.v:281$288'.
  Set init value: \Q = 1'1

12.44.6.5. Executing PROC_ARST pass (detect async resets in processes).
Found async reset \PRESET in `\DFFP.$proc$/share/gowin/cells_sim.v:289$287'.

12.44.6.6. Executing PROC_ROM pass (convert switches to ROMs).
Converted 0 switches.

12.44.6.7. Executing PROC_MUX pass (convert decision trees to multiplexers).
Creating decoders for process `\DFFP.$proc$/share/gowin/cells_sim.v:281$288'.
Creating decoders for process `\DFFP.$proc$/share/gowin/cells_sim.v:289$287'.
     1/1: $0\Q[0:0]

12.44.6.8. Executing PROC_DLATCH pass (convert process syncs to latches).

12.44.6.9. Executing PROC_DFF pass (convert process syncs to FFs).
Creating register for signal `\DFFP.\Q' using process `\DFFP.$proc$/share/gowin/cells_sim.v:289$287'.
  created $adff cell `$procdff$3434' with positive edge clock and positive level reset.

12.44.6.10. Executing PROC_MEMWR pass (convert process memory writes to cells).

12.44.6.11. Executing PROC_CLEAN pass (remove empty switches from decision trees).
Removing empty process `DFFP.$proc$/share/gowin/cells_sim.v:281$288'.
Removing empty process `DFFP.$proc$/share/gowin/cells_sim.v:289$287'.
Cleaned up 0 empty switches.

12.44.7. Executing SCC pass (detecting logic loops).
Found 0 SCCs in module top_semaforo.
Found 0 SCCs.

12.44.8. Executing ABC9_OPS pass (helper functions for ABC9).

12.44.9. Executing TECHMAP pass (map to technology primitives).

12.44.9.1. Executing Verilog-2005 frontend: /share/techmap.v
Parsing Verilog input from `/share/techmap.v' to AST representation.
Generating RTLIL representation for module `\_90_simplemap_bool_ops'.
Generating RTLIL representation for module `\_90_simplemap_reduce_ops'.
Generating RTLIL representation for module `\_90_simplemap_logic_ops'.
Generating RTLIL representation for module `\_90_simplemap_compare_ops'.
Generating RTLIL representation for module `\_90_simplemap_various'.
Generating RTLIL representation for module `\_90_simplemap_registers'.
Generating RTLIL representation for module `\_90_shift_ops_shr_shl_sshl_sshr'.
Generating RTLIL representation for module `\_90_shift_shiftx'.
Generating RTLIL representation for module `\_90_fa'.
Generating RTLIL representation for module `\_90_lcu_brent_kung'.
Generating RTLIL representation for module `\_90_alu'.
Generating RTLIL representation for module `\_90_macc'.
Generating RTLIL representation for module `\_90_alumacc'.
Generating RTLIL representation for module `$__div_mod_u'.
Generating RTLIL representation for module `$__div_mod_trunc'.
Generating RTLIL representation for module `\_90_div'.
Generating RTLIL representation for module `\_90_mod'.
Generating RTLIL representation for module `$__div_mod_floor'.
Generating RTLIL representation for module `\_90_divfloor'.
Generating RTLIL representation for module `\_90_modfloor'.
Generating RTLIL representation for module `\_90_pow'.
Generating RTLIL representation for module `\_90_demux'.
Generating RTLIL representation for module `\_90_lut'.
Generating RTLIL representation for module `$connect'.
Generating RTLIL representation for module `$input_port'.
Successfully finished Verilog frontend.

12.44.9.2. Continuing TECHMAP pass.
No more expansions possible.
<suppressed ~233 debug messages>

12.44.10. Executing OPT pass (performing simple optimizations).

12.44.10.1. Executing OPT_EXPR pass (perform const folding).
Optimizing module DFFCE.
Optimizing module DFFC.
Optimizing module DFFP.

12.44.10.2. Executing OPT_MERGE pass (detect identical cells).
Finding identical cells in module `\DFFCE'.
Computing hashes of 2 cells of `\DFFCE'.
Finding duplicate cells in `\DFFCE'.
Finding identical cells in module `\DFFC'.
Computing hashes of 2 cells of `\DFFC'.
Finding duplicate cells in `\DFFC'.
Finding identical cells in module `\DFFP'.
Computing hashes of 2 cells of `\DFFP'.
Finding duplicate cells in `\DFFP'.
Removed a total of 0 cells.

12.44.10.3. Executing OPT_MUXTREE pass (detect dead branches in mux trees).
Running muxtree optimizer on module \DFFCE..
  Creating internal representation of mux trees.
  No muxes found in this module.
Running muxtree optimizer on module \DFFC..
  Creating internal representation of mux trees.
  No muxes found in this module.
Running muxtree optimizer on module \DFFP..
  Creating internal representation of mux trees.
  No muxes found in this module.
Removed 0 multiplexer ports.

12.44.10.4. Executing OPT_REDUCE pass (consolidate $*mux and $reduce_* inputs).
  Optimizing cells in module \DFFCE.
  Optimizing cells in module \DFFC.
  Optimizing cells in module \DFFP.
Performed a total of 0 changes.

12.44.10.5. Executing OPT_MERGE pass (detect identical cells).
Finding identical cells in module `\DFFCE'.
Computing hashes of 2 cells of `\DFFCE'.
Finding duplicate cells in `\DFFCE'.
Finding identical cells in module `\DFFC'.
Computing hashes of 2 cells of `\DFFC'.
Finding duplicate cells in `\DFFC'.
Finding identical cells in module `\DFFP'.
Computing hashes of 2 cells of `\DFFP'.
Finding duplicate cells in `\DFFP'.
Removed a total of 0 cells.

12.44.10.6. Executing OPT_DFF pass (perform DFF optimizations).

12.44.10.7. Executing OPT_CLEAN pass (remove unused cells and wires).
Finding unused cells or wires in module \DFFCE..
Finding unused cells or wires in module \DFFC..
Finding unused cells or wires in module \DFFP..

12.44.10.8. Executing OPT_EXPR pass (perform const folding).
Optimizing module DFFCE.
Optimizing module DFFC.
Optimizing module DFFP.

12.44.10.9. Finished fast OPT passes. (There is nothing left to do.)

12.44.11. Executing TECHMAP pass (map to technology primitives).

12.44.11.1. Executing Verilog-2005 frontend: /share/abc9_map.v
Parsing Verilog input from `/share/abc9_map.v' to AST representation.
Successfully finished Verilog frontend.

12.44.11.2. Continuing TECHMAP pass.
Using template DFFC for cells of type DFFC.
Using template DFFP for cells of type DFFP.
Using template DFFCE for cells of type DFFCE.
No more expansions possible.
<suppressed ~156 debug messages>

12.44.12. Executing Verilog-2005 frontend: /share/abc9_model.v
Parsing Verilog input from `/share/abc9_model.v' to AST representation.
Replacing existing blackbox module `$__ABC9_DELAY' at /share/abc9_model.v:2.1-7.10.
Generating RTLIL representation for module `$__ABC9_DELAY'.
Replacing existing blackbox module `$__ABC9_SCC_BREAKER' at /share/abc9_model.v:9.1-11.10.
Generating RTLIL representation for module `$__ABC9_SCC_BREAKER'.
Replacing existing module `$__DFF_N__$abc9_flop' at /share/abc9_model.v:14.1-20.10.
Generating RTLIL representation for module `$__DFF_N__$abc9_flop'.
Replacing existing module `$__DFF_P__$abc9_flop' at /share/abc9_model.v:23.1-29.10.
Generating RTLIL representation for module `$__DFF_P__$abc9_flop'.
Successfully finished Verilog frontend.

12.44.13. Executing ABC9_OPS pass (helper functions for ABC9).
<suppressed ~2 debug messages>

12.44.14. Executing ABC9_OPS pass (helper functions for ABC9).

12.44.15. Executing ABC9_OPS pass (helper functions for ABC9).
<suppressed ~2 debug messages>

12.44.16. Executing TECHMAP pass (map to technology primitives).

12.44.16.1. Executing Verilog-2005 frontend: /share/techmap.v
Parsing Verilog input from `/share/techmap.v' to AST representation.
Generating RTLIL representation for module `\_90_simplemap_bool_ops'.
Generating RTLIL representation for module `\_90_simplemap_reduce_ops'.
Generating RTLIL representation for module `\_90_simplemap_logic_ops'.
Generating RTLIL representation for module `\_90_simplemap_compare_ops'.
Generating RTLIL representation for module `\_90_simplemap_various'.
Generating RTLIL representation for module `\_90_simplemap_registers'.
Generating RTLIL representation for module `\_90_shift_ops_shr_shl_sshl_sshr'.
Generating RTLIL representation for module `\_90_shift_shiftx'.
Generating RTLIL representation for module `\_90_fa'.
Generating RTLIL representation for module `\_90_lcu_brent_kung'.
Generating RTLIL representation for module `\_90_alu'.
Generating RTLIL representation for module `\_90_macc'.
Generating RTLIL representation for module `\_90_alumacc'.
Generating RTLIL representation for module `$__div_mod_u'.
Generating RTLIL representation for module `$__div_mod_trunc'.
Generating RTLIL representation for module `\_90_div'.
Generating RTLIL representation for module `\_90_mod'.
Generating RTLIL representation for module `$__div_mod_floor'.
Generating RTLIL representation for module `\_90_divfloor'.
Generating RTLIL representation for module `\_90_modfloor'.
Generating RTLIL representation for module `\_90_pow'.
Generating RTLIL representation for module `\_90_demux'.
Generating RTLIL representation for module `\_90_lut'.
Generating RTLIL representation for module `$connect'.
Generating RTLIL representation for module `$input_port'.
Successfully finished Verilog frontend.

12.44.16.2. Continuing TECHMAP pass.
Using template $paramod\ALU\ALU_MODE=s32'00000000000000000000000000000010 for cells of type $paramod\ALU\ALU_MODE=s32'00000000000000000000000000000010.
Using extmapper simplemap for cells of type $mux.
Using extmapper simplemap for cells of type $xor.
Using extmapper simplemap for cells of type $not.
No more expansions possible.
<suppressed ~240 debug messages>

12.44.17. Executing OPT pass (performing simple optimizations).

12.44.17.1. Executing OPT_EXPR pass (perform const folding).
Optimizing module top_semaforo.

12.44.17.2. Executing OPT_MERGE pass (detect identical cells).
Finding identical cells in module `\top_semaforo'.
Computing hashes of 14 cells of `\top_semaforo'.
Finding duplicate cells in `\top_semaforo'.
Removed a total of 0 cells.

12.44.17.3. Executing OPT_MUXTREE pass (detect dead branches in mux trees).
Running muxtree optimizer on module \top_semaforo..
  Creating internal representation of mux trees.
  No muxes found in this module.
Removed 0 multiplexer ports.

12.44.17.4. Executing OPT_REDUCE pass (consolidate $*mux and $reduce_* inputs).
  Optimizing cells in module \top_semaforo.
Performed a total of 0 changes.

12.44.17.5. Executing OPT_MERGE pass (detect identical cells).
Finding identical cells in module `\top_semaforo'.
Computing hashes of 14 cells of `\top_semaforo'.
Finding duplicate cells in `\top_semaforo'.
Removed a total of 0 cells.

12.44.17.6. Executing OPT_DFF pass (perform DFF optimizations).

12.44.17.7. Executing OPT_CLEAN pass (remove unused cells and wires).
Finding unused cells or wires in module \top_semaforo..
Removed 0 unused cells and 16 unused wires.
<suppressed ~1 debug messages>

12.44.17.8. Executing OPT_EXPR pass (perform const folding).
Optimizing module top_semaforo.

12.44.17.9. Rerunning OPT passes. (Maybe there is more to do..)

12.44.17.10. Executing OPT_MUXTREE pass (detect dead branches in mux trees).
Running muxtree optimizer on module \top_semaforo..
  Creating internal representation of mux trees.
  No muxes found in this module.
Removed 0 multiplexer ports.

12.44.17.11. Executing OPT_REDUCE pass (consolidate $*mux and $reduce_* inputs).
  Optimizing cells in module \top_semaforo.
Performed a total of 0 changes.

12.44.17.12. Executing OPT_MERGE pass (detect identical cells).
Finding identical cells in module `\top_semaforo'.
Computing hashes of 14 cells of `\top_semaforo'.
Finding duplicate cells in `\top_semaforo'.
Removed a total of 0 cells.

12.44.17.13. Executing OPT_DFF pass (perform DFF optimizations).

12.44.17.14. Executing OPT_CLEAN pass (remove unused cells and wires).
Finding unused cells or wires in module \top_semaforo..

12.44.17.15. Executing OPT_EXPR pass (perform const folding).
Optimizing module top_semaforo.

12.44.17.16. Finished fast OPT passes. (There is nothing left to do.)

12.44.18. Executing AIGMAP pass (map logic to AIG).
Module top_semaforo: replaced 5 cells with 35 new cells, skipped 9 cells.
  replaced 2 cell types:
       2 $_MUX_
       3 $_XOR_
  not replaced 2 cell types:
       1 $_NOT_
       8 $specify2

12.44.19. Executing AIGMAP pass (map logic to AIG).
Module top_semaforo: replaced 305 cells with 1790 new cells, skipped 773 cells.
  replaced 3 cell types:
     171 $_MUX_
     115 $_OR_
      19 $_XOR_
  not replaced 14 cell types:
      45 $_AND_
     259 $_NOT_
      11 $scopeinfo
       6 IBUF
       2 DFFP_$abc9_byp
      88 DFFC_$abc9_byp
      61 DFFCE_$abc9_byp
       2 DFFP
      88 DFFC
      61 DFFCE
       6 OBUF
       1 DPX9B
       1 MULT18X18
     142 $paramod\ALU\ALU_MODE=s32'00000000000000000000000000000010

12.44.19.1. Executing ABC9_OPS pass (helper functions for ABC9).

12.44.19.2. Executing ABC9_OPS pass (helper functions for ABC9).

12.44.19.3. Executing XAIGER backend.
<suppressed ~162 debug messages>
Extracted 730 AND gates and 2861 wires from module `top_semaforo' to a netlist network with 186 inputs and 345 outputs.

12.44.19.4. Executing ABC9_EXE pass (technology mapping using ABC9).

12.44.19.5. Executing ABC9.
Running ABC command: "/yosys-abc" -s -f <abc-temp-dir>/abc.script 2>&1

12.44.19.6. Executing AIGER frontend.
<suppressed ~11 debug messages>
Removed 747 unused cells and 2329 unused wires.

12.44.19.7. Executing ABC_OPS_REINTEGRATE pass (reintegrate ABC mapped design into module).
ABC RESULTS:              $lut cells:      181
ABC RESULTS:   \DFFP_$abc9_byp cells:        2
ABC RESULTS:   \DFFC_$abc9_byp cells:       88
ABC RESULTS:   \DFFCE_$abc9_byp cells:       61
ABC RESULTS:   $paramod\ALU\ALU_MODE=s32'00000000000000000000000000000010 cells:      126
ABC RESULTS:           input signals:      163
ABC RESULTS:          output signals:      203
<suppressed ~1078 debug messages>
Removing temp directory.

12.44.20. Executing TECHMAP pass (map to technology primitives).

12.44.20.1. Executing Verilog-2005 frontend: /share/abc9_unmap.v
Parsing Verilog input from `/share/abc9_unmap.v' to AST representation.
Generating RTLIL representation for module `$__DFF_x__$abc9_flop'.
Generating RTLIL representation for module `$__ABC9_SCC_BREAKER'.
Successfully finished Verilog frontend.

12.44.20.2. Continuing TECHMAP pass.
Using template DFFC_$abc9_byp for cells of type DFFC_$abc9_byp.
Using template $paramod\ALU\ALU_MODE=s32'00000000000000000000000000000010 for cells of type $paramod\ALU\ALU_MODE=s32'00000000000000000000000000000010.
Using template DFFCE_$abc9_byp for cells of type DFFCE_$abc9_byp.
Using template DFFP_$abc9_byp for cells of type DFFP_$abc9_byp.
No more expansions possible.
<suppressed ~286 debug messages>
Removed 27 unused cells and 5964 unused wires.

12.45. Executing TECHMAP pass (map to technology primitives).

12.45.1. Executing Verilog-2005 frontend: /share/gowin/cells_map.v
Parsing Verilog input from `/share/gowin/cells_map.v' to AST representation.
Generating RTLIL representation for module `$_DFF_N_'.
Generating RTLIL representation for module `$_DFF_P_'.
Generating RTLIL representation for module `$_DFFE_PP_'.
Generating RTLIL representation for module `$_DFFE_NP_'.
Generating RTLIL representation for module `$_SDFF_PP0_'.
Generating RTLIL representation for module `$_SDFF_NP0_'.
Generating RTLIL representation for module `$_SDFFE_PP0P_'.
Generating RTLIL representation for module `$_SDFFE_NP0P_'.
Generating RTLIL representation for module `$_SDFF_PP1_'.
Generating RTLIL representation for module `$_SDFF_NP1_'.
Generating RTLIL representation for module `$_SDFFE_PP1P_'.
Generating RTLIL representation for module `$_SDFFE_NP1P_'.
Generating RTLIL representation for module `$_DFF_PP1_'.
Generating RTLIL representation for module `$_DFF_NP1_'.
Generating RTLIL representation for module `$_DFF_PP0_'.
Generating RTLIL representation for module `$_DFF_NP0_'.
Generating RTLIL representation for module `$_DFFE_PP1P_'.
Generating RTLIL representation for module `$_DFFE_NP1P_'.
Generating RTLIL representation for module `$_DFFE_PP0P_'.
Generating RTLIL representation for module `$_DFFE_NP0P_'.
Generating RTLIL representation for module `$lut'.
Successfully finished Verilog frontend.

12.45.2. Continuing TECHMAP pass.
Using template $paramod$4f6d1a1f9aec36389b567b9f7176de4c0f574a51$lut for cells of type $lut.
Using template $paramod$863686e706baa5ddd5f768a96cf2d17c2cd1222f$lut for cells of type $lut.
Using template $paramod$lut\WIDTH=32'00000000000000000000000000000010\LUT=4'0100 for cells of type $lut.
Using template $paramod$ca998388163ba8e71d089aa3e12b81b8de3a7651$lut for cells of type $lut.
Using template $paramod$lut\WIDTH=32'00000000000000000000000000000010\LUT=4'1000 for cells of type $lut.
Using template $paramod$8bde46f07e69d76752673a105aa3c617b18beba1$lut for cells of type $lut.
Using template $paramod$571404c0889eaf57f492cb5e37f8acb5df5852f9$lut for cells of type $lut.
Using template $paramod$f405ee362848dd1a47c58160f854302f6ecf95ff$lut for cells of type $lut.
Using template $paramod$lut\WIDTH=32'00000000000000000000000000000011\LUT=8'11001010 for cells of type $lut.
Using template $paramod$lut\WIDTH=32'00000000000000000000000000000010\LUT=4'1110 for cells of type $lut.
Using template $paramod$658b9ed803f0d3d335616d3858b53e0a2522f1e8$lut for cells of type $lut.
Using template $paramod$e51a8a571bee774247b38f52d6e85fd62ae52cea$lut for cells of type $lut.
Using template $paramod$lut\WIDTH=32'00000000000000000000000000000010\LUT=4'0001 for cells of type $lut.
Using template $paramod$8cd5a5f75f43fffe243164dff2e5d4f1454af19a$lut for cells of type $lut.
Using template $paramod$lut\WIDTH=32'00000000000000000000000000000010\LUT=4'0010 for cells of type $lut.
Using template $paramod$cc08dba3aac8677e797984bdf18a09dd37547dd3$lut for cells of type $lut.
Using template $paramod$lut\WIDTH=32'00000000000000000000000000000010\LUT=4'0111 for cells of type $lut.
Using template $paramod$a02a77b87e4f556c1fe53110d44f778d9ea01cd7$lut for cells of type $lut.
Using template $paramod$a5516fc31d1e552de2435200bb732b4d4ad63a9c$lut for cells of type $lut.
Using template $paramod$lut\WIDTH=32'00000000000000000000000000000011\LUT=8'00101010 for cells of type $lut.
Using template $paramod$c185bf0bc921c34877a0c6bc46ee119e7b1d1117$lut for cells of type $lut.
Using template $paramod$lut\WIDTH=32'00000000000000000000000000000011\LUT=8'10101110 for cells of type $lut.
Using template $paramod$lut\WIDTH=32'00000000000000000000000000000011\LUT=8'00000001 for cells of type $lut.
Using template $paramod$d35161d1d7976dcc02e7c7d51172431be85143b4$lut for cells of type $lut.
Using template $paramod$24b5d7ad01669fd71abd3fdfe7d90aeedf11a039$lut for cells of type $lut.
Using template $paramod$2beaea610fac6dff3cd2a6944c55b92160eef87b$lut for cells of type $lut.
Using template $paramod$b177868155742f8da84caf45b2ba5919b692cfcb$lut for cells of type $lut.
Using template $paramod$d8ba0dffb9f2b5451b47e567142c9fb74cd51f7d$lut for cells of type $lut.
Using template $paramod$a67c062897376a45bea07db26046503077cfe693$lut for cells of type $lut.
Using template $paramod$lut\WIDTH=32'00000000000000000000000000000001\LUT=2'01 for cells of type $lut.
Using template $paramod$283a7fff5bf0dc486cea77acf6db185d78632285$lut for cells of type $lut.
Using template $paramod$lut\WIDTH=32'00000000000000000000000000000010\LUT=4'0110 for cells of type $lut.
Using template $paramod$6d6beead1425af15cf78b27fd9b11b41b5d4bce8$lut for cells of type $lut.
Using template $paramod$272652f6c6fbe9a75eff76e45cc7e2788835518b$lut for cells of type $lut.
Using template $paramod$30305e55a780880b9c824fe3509a4d981acb0f2b$lut for cells of type $lut.
Using template $paramod$lut\WIDTH=32'00000000000000000000000000000010\LUT=4'1001 for cells of type $lut.
Using template $paramod$8adf7fbd410d2cc654c288d5be5f7508ee8809b0$lut for cells of type $lut.
Using template $paramod$71d09d8354f5555fb54ab0bd4f3934a22c793990$lut for cells of type $lut.
Using template $paramod$0f6a5b2d703b48519c07dd3bf95386222f32fadd$lut for cells of type $lut.
Using template $paramod$d24157bfd7e630533f42f93e42791cc013f0f45b$lut for cells of type $lut.
Using template $paramod$8e44661def013b6bf9fe6f8b049ef2c838d749f9$lut for cells of type $lut.
Using template $paramod$0fcb06ed76df01e8d45bc2b9e6c8a9b43fa42cb4$lut for cells of type $lut.
Using template $paramod$07b1b12ce0305f55108770e958fd02caedfebdf8$lut for cells of type $lut.
Using template $paramod$251994398653c4cf8de320f1e306e535d5d2d624$lut for cells of type $lut.
Using template $paramod$lut\WIDTH=32'00000000000000000000000000000011\LUT=8'10000000 for cells of type $lut.
Using template $paramod$d4a7516d267f082fc236935de54250ae35fb5963$lut for cells of type $lut.
Using template $paramod$lut\WIDTH=32'00000000000000000000000000000011\LUT=8'00010010 for cells of type $lut.
Using template $paramod$a3ebdfe31bcc652a310f06fe203c69579e0972de$lut for cells of type $lut.
Using template $paramod$94d2f1f461ef911482e15efdba185521de732c99$lut for cells of type $lut.
Using template $paramod$lut\WIDTH=32'00000000000000000000000000000011\LUT=8'11100010 for cells of type $lut.
Using template $paramod$8e224a63a74b6daf8fc2e441cb0688a65e7a4073$lut for cells of type $lut.
Using template $paramod$ce0dc624590cace2dee4719ac0c1d2bb316db0dc$lut for cells of type $lut.
Using template $paramod$7e9df0afb32b76fe5fce0691b8752aca650057fa$lut for cells of type $lut.
Using template $paramod$fd5f2940fdf150ba6a50d81069ec7f6163ced647$lut for cells of type $lut.
Using template $paramod$66caeb00a39d236782a97659e3bd99621b74681b$lut for cells of type $lut.
Using template $paramod$6b0849254d6c87461fb93e37cc18f089f61eb912$lut for cells of type $lut.
Using template $paramod$7e99420cfaf0b3393477e9911b52a12e2723d4ba$lut for cells of type $lut.
Using template $paramod$d7856980c8e3df62f97c26ab34037f33a9e831b5$lut for cells of type $lut.
Using template $paramod$0dbb10693f44e5130e427a6753298c77fac22e6f$lut for cells of type $lut.
Using template $paramod$3b5b4efb8d3620dcbbb946e7e54e0ff6f460dd44$lut for cells of type $lut.
Using template $paramod$c217e185eb8e6463ca272982ba8c5940fa90d81f$lut for cells of type $lut.
Using template $paramod$8b1383eafda7ea7e91588bf15f7b391cd249a9f4$lut for cells of type $lut.
Using template $paramod$b8039cec72e87f1c0d5159e8132bcb6a6b90bd17$lut for cells of type $lut.
Using template $paramod$4fa54c26ed1828223450420ca53d4097fddd10ed$lut for cells of type $lut.
Using template $paramod$e7a3174b0e013966131e54ec6db70678cbf8722b$lut for cells of type $lut.
Using template $paramod$0844bef128978d53bd3c8739c6b55c539c427f7a$lut for cells of type $lut.
Using template $paramod$ff3b04fc04a5df84a70499147f6a962e56652ac9$lut for cells of type $lut.
Using template $paramod$5f8ab9a46761e05476da29d8b28b7f6a5f068746$lut for cells of type $lut.
Using template $paramod$583e8ebbf182c0a8010688a5f7131556efb6c7f0$lut for cells of type $lut.
Using template $paramod$738daacac7a6d80a89b2d97109b90db9b2708a27$lut for cells of type $lut.
Using template $paramod$c5659ce220c21457c491948403829be9c698f783$lut for cells of type $lut.
Using template $paramod$658460c2451bae18006d6fceb04c4d15e90ee2a2$lut for cells of type $lut.
Using template $paramod$8c76cbe8e54ef9e822b3f41df16b6ebfc7c64380$lut for cells of type $lut.
Using template $paramod$cc2aef79675393cfefb3e672c24b12801ff33196$lut for cells of type $lut.
Using template $paramod$9664483609d9e726df9697364de1aad825ad3979$lut for cells of type $lut.
Using template $paramod$0983c26432ee5f338d2a1d71ff3fc97bb478890c$lut for cells of type $lut.
Using template $paramod$58d806574f32fa08aa8bdb1774a536a883d3bd28$lut for cells of type $lut.
Using template $paramod$a8cb9dc6eccb911035b7155b3fa8bdcdb987b386$lut for cells of type $lut.
Using template $paramod$16cc9e3775a61597b755e6294ab9743d17c1fd20$lut for cells of type $lut.
Using template $paramod$63ed5c8a7dded89981c2871727bf95ebe608088f$lut for cells of type $lut.
Using template $paramod$82a48e5f5771a531ca9edba4cc6af5165f5035d5$lut for cells of type $lut.
Using template $paramod$2de205090ff2545b53a63ac8918445457ac951db$lut for cells of type $lut.
Using template $paramod$41ad54b63163af18e7ffa46027eccc23b5642535$lut for cells of type $lut.
Using template $paramod$8f9df5f78689253601ffce03bdf088e63e08b4e7$lut for cells of type $lut.
Using template $paramod$410b34aa72414d2e00021f99915d6ca1acb863fe$lut for cells of type $lut.
Using template $paramod$bf0d0292861bdee659ef5cbc5e58b330ac5871f9$lut for cells of type $lut.
Using template $paramod$ef97c5e6c23b2937646d193491703d5b5cd28ee5$lut for cells of type $lut.
Using template $paramod$9e49133dcd9542bb778601f30fbf6b3680fc9fdb$lut for cells of type $lut.
Using template $paramod$cde053a626f2f69b8c622ba28f264d155b54e2d5$lut for cells of type $lut.
Using template $paramod$618cea407c367a3e98246ae51e223b7e9f74ad7d$lut for cells of type $lut.
Using template $paramod$15ca5cf6c8608d27524f77d1294725851b88af01$lut for cells of type $lut.
Using template $paramod$559dc6ee4707c843f2304e4881ce923c43160ab9$lut for cells of type $lut.
Using template $paramod$d007502a4430db59543ce0c0afab428126f453b2$lut for cells of type $lut.
Using template $paramod$b7ceefe194e7740f09363069a7c8e1a517d29888$lut for cells of type $lut.
Using template $paramod$cf691062e15f71d593d69c04eb5d56a4876c7435$lut for cells of type $lut.
Using template $paramod$0de59f90f4e8a2e2ba2353b02a3c59f64bb09941$lut for cells of type $lut.
Using template $paramod$59be679fbc68817a6d3885b91d8f627635aa35d5$lut for cells of type $lut.
Using template $paramod$71d6d3d7653dd35f0f0d8d3740edf95dfe9e8e8e$lut for cells of type $lut.
Using template $paramod$0a517a7a5f5ae7e170fbf24c7024ec05dde702c1$lut for cells of type $lut.
Using template $paramod$662aa0a39b9e25110115bde1c02f46570201d4f7$lut for cells of type $lut.
Using template $paramod$ea60670e529359258f932d74b3592f484a7a708d$lut for cells of type $lut.
Using template $paramod$e0b192dcf742212c7befd720b774997b20cd9310$lut for cells of type $lut.
Using template $paramod$3654287dae33548e1e68fe4b24564e3e3408b106$lut for cells of type $lut.
Using template $paramod$cc7e55477086472a94728c80d5f0956d301e8786$lut for cells of type $lut.
Using template $paramod$bdc1bd561f96293c672a17a964ab6d103b7ac2de$lut for cells of type $lut.
Using template $paramod$e681f2fc1e5759eb776395e609815d4cffc2d583$lut for cells of type $lut.
Using template $paramod$947f91a5fc9d5ad41f17bb3270d538bed0958bee$lut for cells of type $lut.
Using template $paramod$8dbb2b20525e6eb4924787fcab0a8e9c17dbbeb0$lut for cells of type $lut.
Using template $paramod$61bc98ece8c76bffd4acdf40e5f231340cba90fc$lut for cells of type $lut.
Using template $paramod$d1374dd64afd8f03c51bc71ea5f77235e72d5eab$lut for cells of type $lut.
Using template $paramod$bd6adc215bd5ad6cf8ce0ed4bbb1cdb94e065bf5$lut for cells of type $lut.
Using template $paramod$4e39277f03df4139c221b1d41df0571d560ea87b$lut for cells of type $lut.
Using template $paramod$da9d6eb00307d15292e014cd59e5b9098c71b3b1$lut for cells of type $lut.
Using template $paramod$3a3385f0005c82cd05ffb8ba7caf6caec9321a58$lut for cells of type $lut.
Using template $paramod$b7b9c74cd0b68a033214589b9a41346913095b25$lut for cells of type $lut.
Using template $paramod$457927a2e3633889978dd906caa23632ae2fea74$lut for cells of type $lut.
Using template $paramod$d72c3824098c09958133d05f52e666bf1199e495$lut for cells of type $lut.
Using template $paramod$c0ae82aa620cb39c5e0a165a32bd210519a654bc$lut for cells of type $lut.
Using template $paramod$9f313bbf94a6fa6c3932448804a5dd84568e662a$lut for cells of type $lut.
Using template $paramod$e958f299847dc65f1ddaa19c81e0b7caaca42084$lut for cells of type $lut.
Using template $paramod$5843b1baa6b2481963df54051845b5dbf1b91adf$lut for cells of type $lut.
Using template $paramod$fe957d1d0a2a0407e108d426b20964febd7ac827$lut for cells of type $lut.
Using template $paramod$5a05bc096d90435f1e538f6decdb2d19f723a695$lut for cells of type $lut.
Using template $paramod$105408ce2103fec44002ffc2c2569d7bac644f40$lut for cells of type $lut.
Using template $paramod$76d7a15f53b545863409f503a9260a26058e0bcd$lut for cells of type $lut.
Using template $paramod$f4ce77f1eb35ce9119b98cac82bca64da1c07ca4$lut for cells of type $lut.
Using template $paramod$8f06d07a127ff875b1d9e8832a30e7d85de2e681$lut for cells of type $lut.
Using template $paramod$e71acd1fd0d505c5322a040014ca4f2fbd36a053$lut for cells of type $lut.
Using template $paramod$948b569342d60de195a1419e7f57e9bef8ca2562$lut for cells of type $lut.
Using template $paramod$61f245c12ab7052e4a5c764ecd9e4e164bd01452$lut for cells of type $lut.
Using template $paramod$53f06b6409aa1ae0189a00f9ba2fcea4c5ad2fba$lut for cells of type $lut.
Using template $paramod$3e3e1eafc83f7080c221b77e24d734b65e253b80$lut for cells of type $lut.
Using template $paramod$d76e5d9b7309edd6bc6de5c1b8f2b6ed217f0bd9$lut for cells of type $lut.
Using template $paramod$776763eb7b4cf28e74937bb45937553edf4921cc$lut for cells of type $lut.
Using template $paramod$278278da8d76ea5cbd78cd718b45f52986d1194a$lut for cells of type $lut.
Using template $paramod$fca017b29b33a5ea885b3fb661f73ebd57571715$lut for cells of type $lut.
Using template $paramod$10f9ec10907e3614f4091bb6c69006195a5f5733$lut for cells of type $lut.
Using template $paramod$1a0d25e24492c276bcde2649a491f4ecab809897$lut for cells of type $lut.
Using template $paramod$39c0466fa3f55ae820aafadf59fed24bd0c60a40$lut for cells of type $lut.
Using template $paramod$c93565077bb8d9555ca9d70834ff2bea470aeef6$lut for cells of type $lut.
Using template $paramod$e4e96a5dece796d779288739da28d0f9a19e7c8a$lut for cells of type $lut.
Using template $paramod$40614bc945b57aab95fbc31af093a3fc79ada1f6$lut for cells of type $lut.
Using template $paramod$eea7196e157d291e2549de720ddba8f137179bed$lut for cells of type $lut.
Using template $paramod$7a36951baf95cd2183bd59cb8867efd49cdcf08c$lut for cells of type $lut.
Using template $paramod$2661aa2601af93e362041e04a59405a491f36855$lut for cells of type $lut.
Using template $paramod$06f493a6d9a395f0a70a4366b511eab0249412a9$lut for cells of type $lut.
Using template $paramod$b9172c84107618749331a135df6c395dbcadd31d$lut for cells of type $lut.
Using template $paramod$df83f41a49ca6074f5539388b6f8793ec33125a4$lut for cells of type $lut.
Using template $paramod$ac5104b0f31e073ac445859404a5ecbcf6edcff5$lut for cells of type $lut.
Using template $paramod$fcf68bd0eeabcc70878ae5b22ae06cfd077e8201$lut for cells of type $lut.
Using template $paramod$5a3897c656b50721e0718f56ff4263064b20fc70$lut for cells of type $lut.
Using template $paramod$7071a265b508d6315f40f358cd71a393ed79233a$lut for cells of type $lut.
Using template $paramod$96ff56ce5a5ee85ee0c4678d1c423b47046ec6af$lut for cells of type $lut.
Using template $paramod$043e981bbb9899d6ba6c1fc837f48c56bd158fcf$lut for cells of type $lut.
Using template $paramod$04ae10f7d848c17f6abdd4c00ba30939b2cb4eb5$lut for cells of type $lut.
Using template $paramod$607aaa83c220bf9ea89146c4f9d29b1074a8d450$lut for cells of type $lut.
Using template $paramod$72794642283f70c2a1302e2104decdeb9f964e30$lut for cells of type $lut.
Using template $paramod$e1c2836e94ec58b0ec41ea79c9b80d3827e0efa9$lut for cells of type $lut.
No more expansions possible.
<suppressed ~2198 debug messages>

12.46. Executing OPT_LUT_INS pass (discard unused LUT inputs).
Optimizing LUTs in top_semaforo.
  Optimizing lut $abc$7400$lut$aiger7399$710.genblk1.genblk1.genblk1.genblk1.genblk1.genblk1.genblk1.genblk1.lut0.genblk1.genblk1.genblk1.genblk1.genblk1.genblk1.genblk1.lut1.genblk1.genblk1.genblk1.genblk1.genblk1.genblk1.lut0.genblk1.genblk1.genblk1.genblk1.genblk1.lut1 (4 -> 0)
  Optimizing lut $auto$abc_ops_reintegrate.cc:611:reintegrate$7408.genblk1.genblk1.genblk1.genblk1.genblk1.genblk1.genblk1.genblk1.lut1.genblk1.genblk1.genblk1.genblk1.genblk1.genblk1.genblk1.lut0.genblk1.genblk1.genblk1.genblk1.genblk1.genblk1.lut0.genblk1.genblk1.genblk1.genblk1.genblk1.lut0 (4 -> 0)
  Optimizing lut $auto$abc_ops_reintegrate.cc:611:reintegrate$7408.genblk1.genblk1.genblk1.genblk1.genblk1.genblk1.genblk1.genblk1.lut1.genblk1.genblk1.genblk1.genblk1.genblk1.genblk1.genblk1.lut1.genblk1.genblk1.genblk1.genblk1.genblk1.genblk1.lut1.genblk1.genblk1.genblk1.genblk1.genblk1.lut0 (4 -> 3)
  Optimizing lut $auto$abc_ops_reintegrate.cc:611:reintegrate$7408.genblk1.genblk1.genblk1.genblk1.genblk1.genblk1.genblk1.genblk1.lut1.genblk1.genblk1.genblk1.genblk1.genblk1.genblk1.genblk1.lut1.genblk1.genblk1.genblk1.genblk1.genblk1.genblk1.lut0.genblk1.genblk1.genblk1.genblk1.genblk1.lut0 (4 -> 2)
  Optimizing lut $auto$abc_ops_reintegrate.cc:611:reintegrate$7408.genblk1.genblk1.genblk1.genblk1.genblk1.genblk1.genblk1.genblk1.lut0.genblk1.genblk1.genblk1.genblk1.genblk1.genblk1.genblk1.lut0.genblk1.genblk1.genblk1.genblk1.genblk1.genblk1.lut1.genblk1.genblk1.genblk1.genblk1.genblk1.lut0 (4 -> 1)
  Optimizing lut $auto$abc_ops_reintegrate.cc:611:reintegrate$7408.genblk1.genblk1.genblk1.genblk1.genblk1.genblk1.genblk1.genblk1.lut0.genblk1.genblk1.genblk1.genblk1.genblk1.genblk1.genblk1.lut0.genblk1.genblk1.genblk1.genblk1.genblk1.genblk1.lut0.genblk1.genblk1.genblk1.genblk1.genblk1.lut0 (4 -> 0)
  Optimizing lut $auto$abc_ops_reintegrate.cc:611:reintegrate$7408.genblk1.genblk1.genblk1.genblk1.genblk1.genblk1.genblk1.genblk1.lut0.genblk1.genblk1.genblk1.genblk1.genblk1.genblk1.genblk1.lut1.genblk1.genblk1.genblk1.genblk1.genblk1.genblk1.lut0.genblk1.genblk1.genblk1.genblk1.genblk1.lut0 (4 -> 3)
  Optimizing lut $auto$abc_ops_reintegrate.cc:611:reintegrate$7407.genblk1.genblk1.genblk1.genblk1.genblk1.genblk1.genblk1.genblk1.lut1.genblk1.genblk1.genblk1.genblk1.genblk1.genblk1.genblk1.lut0.genblk1.genblk1.genblk1.genblk1.genblk1.genblk1.lut1.genblk1.genblk1.genblk1.genblk1.genblk1.lut0 (4 -> 3)
  Optimizing lut $auto$abc_ops_reintegrate.cc:611:reintegrate$7407.genblk1.genblk1.genblk1.genblk1.genblk1.genblk1.genblk1.genblk1.lut1.genblk1.genblk1.genblk1.genblk1.genblk1.genblk1.genblk1.lut0.genblk1.genblk1.genblk1.genblk1.genblk1.genblk1.lut0.genblk1.genblk1.genblk1.genblk1.genblk1.lut0 (4 -> 0)
  Optimizing lut $auto$abc_ops_reintegrate.cc:611:reintegrate$7407.genblk1.genblk1.genblk1.genblk1.genblk1.genblk1.genblk1.genblk1.lut1.genblk1.genblk1.genblk1.genblk1.genblk1.genblk1.genblk1.lut1.genblk1.genblk1.genblk1.genblk1.genblk1.genblk1.lut1.genblk1.genblk1.genblk1.genblk1.genblk1.lut0 (4 -> 2)
  Optimizing lut $auto$abc_ops_reintegrate.cc:611:reintegrate$7407.genblk1.genblk1.genblk1.genblk1.genblk1.genblk1.genblk1.genblk1.lut1.genblk1.genblk1.genblk1.genblk1.genblk1.genblk1.genblk1.lut1.genblk1.genblk1.genblk1.genblk1.genblk1.genblk1.lut0.genblk1.genblk1.genblk1.genblk1.genblk1.lut0 (4 -> 0)
  Optimizing lut $auto$abc_ops_reintegrate.cc:611:reintegrate$7407.genblk1.genblk1.genblk1.genblk1.genblk1.genblk1.genblk1.genblk1.lut0.genblk1.genblk1.genblk1.genblk1.genblk1.genblk1.genblk1.lut0.genblk1.genblk1.genblk1.genblk1.genblk1.genblk1.lut0.genblk1.genblk1.genblk1.genblk1.genblk1.lut0 (4 -> 1)
  Optimizing lut $auto$abc_ops_reintegrate.cc:611:reintegrate$7407.genblk1.genblk1.genblk1.genblk1.genblk1.genblk1.genblk1.genblk1.lut0.genblk1.genblk1.genblk1.genblk1.genblk1.genblk1.genblk1.lut1.genblk1.genblk1.genblk1.genblk1.genblk1.genblk1.lut1.genblk1.genblk1.genblk1.genblk1.genblk1.lut0 (4 -> 3)
  Optimizing lut $auto$abc_ops_reintegrate.cc:611:reintegrate$7407.genblk1.genblk1.genblk1.genblk1.genblk1.genblk1.genblk1.genblk1.lut0.genblk1.genblk1.genblk1.genblk1.genblk1.genblk1.genblk1.lut1.genblk1.genblk1.genblk1.genblk1.genblk1.genblk1.lut0.genblk1.genblk1.genblk1.genblk1.genblk1.lut0 (4 -> 1)
  Optimizing lut $auto$abc_ops_reintegrate.cc:611:reintegrate$7404.genblk1.genblk1.genblk1.genblk1.genblk1.genblk1.genblk1.lut1.genblk1.genblk1.genblk1.genblk1.genblk1.genblk1.lut0.genblk1.genblk1.genblk1.genblk1.genblk1.lut1 (4 -> 1)
  Optimizing lut $abc$7400$lut$aiger7399$710.genblk1.genblk1.genblk1.genblk1.genblk1.genblk1.genblk1.genblk1.lut1.genblk1.genblk1.genblk1.genblk1.genblk1.genblk1.genblk1.lut0.genblk1.genblk1.genblk1.genblk1.genblk1.genblk1.lut0.genblk1.genblk1.genblk1.genblk1.genblk1.lut0 (4 -> 0)
  Optimizing lut $abc$7400$lut$aiger7399$710.genblk1.genblk1.genblk1.genblk1.genblk1.genblk1.genblk1.genblk1.lut1.genblk1.genblk1.genblk1.genblk1.genblk1.genblk1.genblk1.lut1.genblk1.genblk1.genblk1.genblk1.genblk1.genblk1.lut0.genblk1.genblk1.genblk1.genblk1.genblk1.lut0 (4 -> 0)
  Optimizing lut $abc$7400$lut$aiger7399$710.genblk1.genblk1.genblk1.genblk1.genblk1.genblk1.genblk1.genblk1.lut0.genblk1.genblk1.genblk1.genblk1.genblk1.genblk1.genblk1.lut0.genblk1.genblk1.genblk1.genblk1.genblk1.genblk1.lut1.genblk1.genblk1.genblk1.genblk1.genblk1.lut0 (4 -> 0)
  Optimizing lut $abc$7400$lut$aiger7399$710.genblk1.genblk1.genblk1.genblk1.genblk1.genblk1.genblk1.genblk1.lut0.genblk1.genblk1.genblk1.genblk1.genblk1.genblk1.genblk1.lut0.genblk1.genblk1.genblk1.genblk1.genblk1.genblk1.lut0.genblk1.genblk1.genblk1.genblk1.genblk1.lut0 (4 -> 0)
  Optimizing lut $abc$7400$lut$aiger7399$710.genblk1.genblk1.genblk1.genblk1.genblk1.genblk1.genblk1.genblk1.lut0.genblk1.genblk1.genblk1.genblk1.genblk1.genblk1.genblk1.lut1.genblk1.genblk1.genblk1.genblk1.genblk1.genblk1.lut1.genblk1.genblk1.genblk1.genblk1.genblk1.lut0 (4 -> 0)
  Optimizing lut $abc$7400$lut$aiger7399$710.genblk1.genblk1.genblk1.genblk1.genblk1.genblk1.genblk1.genblk1.lut0.genblk1.genblk1.genblk1.genblk1.genblk1.genblk1.genblk1.lut1.genblk1.genblk1.genblk1.genblk1.genblk1.genblk1.lut0.genblk1.genblk1.genblk1.genblk1.genblk1.lut0 (4 -> 0)
  Optimizing lut $abc$7400$lut$aiger$o1011.genblk1.genblk1.genblk1.genblk1.genblk1.genblk1.genblk1.lut1.genblk1.genblk1.genblk1.genblk1.genblk1.genblk1.lut0.genblk1.genblk1.genblk1.genblk1.genblk1.lut1 (4 -> 1)
  Optimizing lut $abc$7400$lut$aiger$o1011.genblk1.genblk1.genblk1.genblk1.genblk1.genblk1.genblk1.lut0.genblk1.genblk1.genblk1.genblk1.genblk1.genblk1.lut0.genblk1.genblk1.genblk1.genblk1.genblk1.lut0 (4 -> 0)
  Optimizing lut $abc$7400$lut$aiger$o1011.genblk1.genblk1.genblk1.genblk1.genblk1.genblk1.genblk1.lut1.genblk1.genblk1.genblk1.genblk1.genblk1.genblk1.lut1.genblk1.genblk1.genblk1.genblk1.genblk1.lut0 (4 -> 2)
  Optimizing lut $abc$7400$lut$aiger$o1011.genblk1.genblk1.genblk1.genblk1.genblk1.genblk1.genblk1.lut1.genblk1.genblk1.genblk1.genblk1.genblk1.genblk1.lut0.genblk1.genblk1.genblk1.genblk1.genblk1.lut0 (4 -> 0)
  Optimizing lut $abc$7400$lut$aiger7399$710.genblk1.genblk1.genblk1.genblk1.genblk1.genblk1.genblk1.genblk1.lut0.genblk1.genblk1.genblk1.genblk1.genblk1.genblk1.genblk1.lut0.genblk1.genblk1.genblk1.genblk1.genblk1.genblk1.lut0.genblk1.genblk1.genblk1.genblk1.genblk1.lut1 (4 -> 0)
  Optimizing lut $abc$7400$lut$aiger7399$710.genblk1.genblk1.genblk1.genblk1.genblk1.genblk1.genblk1.genblk1.lut1.genblk1.genblk1.genblk1.genblk1.genblk1.genblk1.genblk1.lut1.genblk1.genblk1.genblk1.genblk1.genblk1.genblk1.lut0.genblk1.genblk1.genblk1.genblk1.genblk1.lut1 (4 -> 0)
  Optimizing lut $abc$7400$lut$aiger7399$710.genblk1.genblk1.genblk1.genblk1.genblk1.genblk1.genblk1.genblk1.lut1.genblk1.genblk1.genblk1.genblk1.genblk1.genblk1.genblk1.lut0.genblk1.genblk1.genblk1.genblk1.genblk1.genblk1.lut0.genblk1.genblk1.genblk1.genblk1.genblk1.lut1 (4 -> 0)
  Optimizing lut $auto$abc_ops_reintegrate.cc:611:reintegrate$7407.genblk1.genblk1.genblk1.genblk1.genblk1.genblk1.genblk1.genblk1.lut0.genblk1.genblk1.genblk1.genblk1.genblk1.genblk1.genblk1.lut1.genblk1.genblk1.genblk1.genblk1.genblk1.genblk1.lut0.genblk1.genblk1.genblk1.genblk1.genblk1.lut1 (4 -> 0)
  Optimizing lut $abc$7400$lut$aiger7399$697.genblk1.genblk1.genblk1.genblk1.genblk1.genblk1.lut0.genblk1.genblk1.genblk1.genblk1.genblk1.lut1 (4 -> 0)
  Optimizing lut $abc$7400$lut$aiger$o830.genblk1.genblk1.genblk1.genblk1.genblk1.genblk1.genblk1.lut0.genblk1.genblk1.genblk1.genblk1.genblk1.genblk1.lut0.genblk1.genblk1.genblk1.genblk1.genblk1.lut0 (4 -> 0)
  Optimizing lut $abc$7400$lut$aiger$o830.genblk1.genblk1.genblk1.genblk1.genblk1.genblk1.genblk1.lut1.genblk1.genblk1.genblk1.genblk1.genblk1.genblk1.lut1.genblk1.genblk1.genblk1.genblk1.genblk1.lut0 (4 -> 2)
  Optimizing lut $abc$7400$lut$aiger$o830.genblk1.genblk1.genblk1.genblk1.genblk1.genblk1.genblk1.lut1.genblk1.genblk1.genblk1.genblk1.genblk1.genblk1.lut0.genblk1.genblk1.genblk1.genblk1.genblk1.lut0 (4 -> 0)
  Optimizing lut $auto$abc_ops_reintegrate.cc:611:reintegrate$7404.genblk1.genblk1.genblk1.genblk1.genblk1.genblk1.genblk1.lut0.genblk1.genblk1.genblk1.genblk1.genblk1.genblk1.lut1.genblk1.genblk1.genblk1.genblk1.genblk1.lut0 (4 -> 3)
  Optimizing lut $auto$abc_ops_reintegrate.cc:611:reintegrate$7404.genblk1.genblk1.genblk1.genblk1.genblk1.genblk1.genblk1.lut0.genblk1.genblk1.genblk1.genblk1.genblk1.genblk1.lut0.genblk1.genblk1.genblk1.genblk1.genblk1.lut0 (4 -> 0)
  Optimizing lut $auto$abc_ops_reintegrate.cc:611:reintegrate$7404.genblk1.genblk1.genblk1.genblk1.genblk1.genblk1.genblk1.lut1.genblk1.genblk1.genblk1.genblk1.genblk1.genblk1.lut1.genblk1.genblk1.genblk1.genblk1.genblk1.lut0 (4 -> 2)
  Optimizing lut $auto$abc_ops_reintegrate.cc:611:reintegrate$7404.genblk1.genblk1.genblk1.genblk1.genblk1.genblk1.genblk1.lut1.genblk1.genblk1.genblk1.genblk1.genblk1.genblk1.lut0.genblk1.genblk1.genblk1.genblk1.genblk1.lut0 (4 -> 0)
  Optimizing lut $auto$abc_ops_reintegrate.cc:611:reintegrate$7407.genblk1.genblk1.genblk1.genblk1.genblk1.genblk1.genblk1.genblk1.lut0.genblk1.genblk1.genblk1.genblk1.genblk1.genblk1.genblk1.lut0.genblk1.genblk1.genblk1.genblk1.genblk1.genblk1.lut0.genblk1.genblk1.genblk1.genblk1.genblk1.lut1 (4 -> 0)
  Optimizing lut $auto$abc_ops_reintegrate.cc:611:reintegrate$7407.genblk1.genblk1.genblk1.genblk1.genblk1.genblk1.genblk1.genblk1.lut1.genblk1.genblk1.genblk1.genblk1.genblk1.genblk1.genblk1.lut1.genblk1.genblk1.genblk1.genblk1.genblk1.genblk1.lut0.genblk1.genblk1.genblk1.genblk1.genblk1.lut1 (4 -> 0)
  Optimizing lut $auto$abc_ops_reintegrate.cc:611:reintegrate$7407.genblk1.genblk1.genblk1.genblk1.genblk1.genblk1.genblk1.genblk1.lut1.genblk1.genblk1.genblk1.genblk1.genblk1.genblk1.genblk1.lut0.genblk1.genblk1.genblk1.genblk1.genblk1.genblk1.lut0.genblk1.genblk1.genblk1.genblk1.genblk1.lut1 (4 -> 0)
  Optimizing lut $auto$abc_ops_reintegrate.cc:611:reintegrate$7408.genblk1.genblk1.genblk1.genblk1.genblk1.genblk1.genblk1.genblk1.lut0.genblk1.genblk1.genblk1.genblk1.genblk1.genblk1.genblk1.lut1.genblk1.genblk1.genblk1.genblk1.genblk1.genblk1.lut0.genblk1.genblk1.genblk1.genblk1.genblk1.lut1 (4 -> 3)
  Optimizing lut $auto$abc_ops_reintegrate.cc:611:reintegrate$7408.genblk1.genblk1.genblk1.genblk1.genblk1.genblk1.genblk1.genblk1.lut0.genblk1.genblk1.genblk1.genblk1.genblk1.genblk1.genblk1.lut0.genblk1.genblk1.genblk1.genblk1.genblk1.genblk1.lut0.genblk1.genblk1.genblk1.genblk1.genblk1.lut1 (4 -> 0)
  Optimizing lut $auto$abc_ops_reintegrate.cc:611:reintegrate$7408.genblk1.genblk1.genblk1.genblk1.genblk1.genblk1.genblk1.genblk1.lut1.genblk1.genblk1.genblk1.genblk1.genblk1.genblk1.genblk1.lut1.genblk1.genblk1.genblk1.genblk1.genblk1.genblk1.lut0.genblk1.genblk1.genblk1.genblk1.genblk1.lut1 (4 -> 2)
  Optimizing lut $auto$abc_ops_reintegrate.cc:611:reintegrate$7408.genblk1.genblk1.genblk1.genblk1.genblk1.genblk1.genblk1.genblk1.lut1.genblk1.genblk1.genblk1.genblk1.genblk1.genblk1.genblk1.lut0.genblk1.genblk1.genblk1.genblk1.genblk1.genblk1.lut0.genblk1.genblk1.genblk1.genblk1.genblk1.lut1 (4 -> 0)
  Optimizing lut $auto$abc_ops_reintegrate.cc:611:reintegrate$7408.genblk1.genblk1.genblk1.genblk1.genblk1.genblk1.genblk1.genblk1.lut1.genblk1.genblk1.genblk1.genblk1.genblk1.genblk1.genblk1.lut0.genblk1.genblk1.genblk1.genblk1.genblk1.genblk1.lut1.genblk1.genblk1.genblk1.genblk1.genblk1.lut0 (4 -> 1)
  Optimizing lut $abc$7400$lut$aiger7399$621.genblk1.genblk1.genblk1.genblk1.genblk1.genblk1.lut0.genblk1.genblk1.genblk1.genblk1.genblk1.lut1 (4 -> 2)
  Optimizing lut $auto$abc_ops_reintegrate.cc:611:reintegrate$7428.genblk1.genblk1.genblk1.genblk1.genblk1.genblk1.lut0.genblk1.genblk1.genblk1.genblk1.genblk1.lut0 (4 -> 2)
  Optimizing lut $auto$abc_ops_reintegrate.cc:611:reintegrate$7426.genblk1.genblk1.genblk1.genblk1.genblk1.genblk1.lut0.genblk1.genblk1.genblk1.genblk1.genblk1.lut0 (4 -> 2)
  Optimizing lut $auto$abc_ops_reintegrate.cc:611:reintegrate$7425.genblk1.genblk1.genblk1.genblk1.genblk1.genblk1.lut0.genblk1.genblk1.genblk1.genblk1.genblk1.lut0 (4 -> 2)
  Optimizing lut $auto$abc_ops_reintegrate.cc:611:reintegrate$7424.genblk1.genblk1.genblk1.genblk1.genblk1.genblk1.lut0.genblk1.genblk1.genblk1.genblk1.genblk1.lut0 (4 -> 2)
  Optimizing lut $abc$7400$lut$aiger7399$621.genblk1.genblk1.genblk1.genblk1.genblk1.genblk1.lut0.genblk1.genblk1.genblk1.genblk1.genblk1.lut0 (4 -> 2)
  Optimizing lut $auto$abc_ops_reintegrate.cc:611:reintegrate$7408.genblk1.genblk1.genblk1.genblk1.genblk1.genblk1.genblk1.genblk1.lut1.genblk1.genblk1.genblk1.genblk1.genblk1.genblk1.genblk1.lut1.genblk1.genblk1.genblk1.genblk1.genblk1.genblk1.lut1.genblk1.genblk1.genblk1.genblk1.genblk1.lut1 (4 -> 2)
  Optimizing lut $auto$abc_ops_reintegrate.cc:611:reintegrate$7408.genblk1.genblk1.genblk1.genblk1.genblk1.genblk1.genblk1.genblk1.lut0.genblk1.genblk1.genblk1.genblk1.genblk1.genblk1.genblk1.lut1.genblk1.genblk1.genblk1.genblk1.genblk1.genblk1.lut1.genblk1.genblk1.genblk1.genblk1.genblk1.lut1 (4 -> 3)
  Optimizing lut $auto$abc_ops_reintegrate.cc:611:reintegrate$7407.genblk1.genblk1.genblk1.genblk1.genblk1.genblk1.genblk1.genblk1.lut1.genblk1.genblk1.genblk1.genblk1.genblk1.genblk1.genblk1.lut1.genblk1.genblk1.genblk1.genblk1.genblk1.genblk1.lut1.genblk1.genblk1.genblk1.genblk1.genblk1.lut1 (4 -> 2)
  Optimizing lut $auto$abc_ops_reintegrate.cc:611:reintegrate$7407.genblk1.genblk1.genblk1.genblk1.genblk1.genblk1.genblk1.genblk1.lut0.genblk1.genblk1.genblk1.genblk1.genblk1.genblk1.genblk1.lut1.genblk1.genblk1.genblk1.genblk1.genblk1.genblk1.lut1.genblk1.genblk1.genblk1.genblk1.genblk1.lut1 (4 -> 2)
  Optimizing lut $auto$abc_ops_reintegrate.cc:611:reintegrate$7404.genblk1.genblk1.genblk1.genblk1.genblk1.genblk1.genblk1.lut0.genblk1.genblk1.genblk1.genblk1.genblk1.genblk1.lut0.genblk1.genblk1.genblk1.genblk1.genblk1.lut1 (4 -> 1)
  Optimizing lut $abc$7400$lut$aiger$o830.genblk1.genblk1.genblk1.genblk1.genblk1.genblk1.genblk1.lut1.genblk1.genblk1.genblk1.genblk1.genblk1.genblk1.lut0.genblk1.genblk1.genblk1.genblk1.genblk1.lut1 (4 -> 1)
  Optimizing lut $abc$7400$lut$aiger$o830.genblk1.genblk1.genblk1.genblk1.genblk1.genblk1.genblk1.lut0.genblk1.genblk1.genblk1.genblk1.genblk1.genblk1.lut0.genblk1.genblk1.genblk1.genblk1.genblk1.lut1 (4 -> 1)
  Optimizing lut $abc$7400$lut$aiger7399$710.genblk1.genblk1.genblk1.genblk1.genblk1.genblk1.genblk1.genblk1.lut1.genblk1.genblk1.genblk1.genblk1.genblk1.genblk1.genblk1.lut0.genblk1.genblk1.genblk1.genblk1.genblk1.genblk1.lut1.genblk1.genblk1.genblk1.genblk1.genblk1.lut0 (4 -> 0)
  Optimizing lut $abc$7400$lut$aiger7399$697.genblk1.genblk1.genblk1.genblk1.genblk1.genblk1.lut0.genblk1.genblk1.genblk1.genblk1.genblk1.lut0 (4 -> 0)
  Optimizing lut $abc$7400$lut$aiger7399$710.genblk1.genblk1.genblk1.genblk1.genblk1.genblk1.genblk1.genblk1.lut1.genblk1.genblk1.genblk1.genblk1.genblk1.genblk1.genblk1.lut1.genblk1.genblk1.genblk1.genblk1.genblk1.genblk1.lut1.genblk1.genblk1.genblk1.genblk1.genblk1.lut1 (4 -> 0)
  Optimizing lut $abc$7400$lut$aiger7399$710.genblk1.genblk1.genblk1.genblk1.genblk1.genblk1.genblk1.genblk1.lut0.genblk1.genblk1.genblk1.genblk1.genblk1.genblk1.genblk1.lut1.genblk1.genblk1.genblk1.genblk1.genblk1.genblk1.lut1.genblk1.genblk1.genblk1.genblk1.genblk1.lut1 (4 -> 0)
  Optimizing lut $abc$7400$lut$aiger$o679.genblk1.genblk1.genblk1.genblk1.genblk1.genblk1.lut0.genblk1.genblk1.genblk1.genblk1.genblk1.lut1 (4 -> 2)
  Optimizing lut $abc$7400$lut$aiger$o687.genblk1.genblk1.genblk1.genblk1.genblk1.genblk1.lut0.genblk1.genblk1.genblk1.genblk1.genblk1.lut0 (4 -> 2)
  Optimizing lut $abc$7400$lut$aiger$o695.genblk1.genblk1.genblk1.genblk1.genblk1.genblk1.lut0.genblk1.genblk1.genblk1.genblk1.genblk1.lut0 (4 -> 2)
  Optimizing lut $abc$7400$lut$aiger$o703.genblk1.genblk1.genblk1.genblk1.genblk1.genblk1.lut0.genblk1.genblk1.genblk1.genblk1.genblk1.lut0 (4 -> 2)
  Optimizing lut $abc$7400$lut$aiger$o671.genblk1.genblk1.genblk1.genblk1.genblk1.genblk1.lut0.genblk1.genblk1.genblk1.genblk1.genblk1.lut0 (4 -> 2)
  Optimizing lut $abc$7400$lut$aiger$o679.genblk1.genblk1.genblk1.genblk1.genblk1.genblk1.lut0.genblk1.genblk1.genblk1.genblk1.genblk1.lut0 (4 -> 2)
  Optimizing lut $abc$7400$lut$aiger$o1114.genblk1.genblk1.genblk1.genblk1.genblk1.lut0 (4 -> 2)
  Optimizing lut $abc$7400$lut$aiger$o695.genblk1.genblk1.genblk1.genblk1.genblk1.genblk1.lut0.genblk1.genblk1.genblk1.genblk1.genblk1.lut1 (4 -> 2)
  Optimizing lut $abc$7400$lut$aiger7399$988.genblk1.genblk1.genblk1.genblk1.genblk1.lut0 (4 -> 0)
  Optimizing lut $abc$7400$lut$aiger$o1011.genblk1.genblk1.genblk1.genblk1.genblk1.genblk1.genblk1.lut0.genblk1.genblk1.genblk1.genblk1.genblk1.genblk1.lut1.genblk1.genblk1.genblk1.genblk1.genblk1.lut0 (4 -> 3)
  Optimizing lut $abc$7400$lut$aiger$o1143.genblk1.genblk1.genblk1.genblk1.genblk1.lut0 (4 -> 0)
  Optimizing lut $abc$7400$lut$aiger7399$1170.genblk1.genblk1.genblk1.genblk1.genblk1.lut0 (4 -> 0)
  Optimizing lut $abc$7400$lut$aiger7399$1163.genblk1.genblk1.genblk1.genblk1.genblk1.lut0 (4 -> 0)
  Optimizing lut $abc$7400$lut$aiger$o853.genblk1.genblk1.genblk1.genblk1.genblk1.lut0 (4 -> 0)
  Optimizing lut $auto$abc_ops_reintegrate.cc:611:reintegrate$7408.genblk1.genblk1.genblk1.genblk1.genblk1.genblk1.genblk1.genblk1.lut1.genblk1.genblk1.genblk1.genblk1.genblk1.genblk1.genblk1.lut0.genblk1.genblk1.genblk1.genblk1.genblk1.genblk1.lut1.genblk1.genblk1.genblk1.genblk1.genblk1.lut1 (4 -> 0)
  Optimizing lut $auto$abc_ops_reintegrate.cc:611:reintegrate$7424.genblk1.genblk1.genblk1.genblk1.genblk1.genblk1.lut0.genblk1.genblk1.genblk1.genblk1.genblk1.lut1 (4 -> 2)
  Optimizing lut $auto$abc_ops_reintegrate.cc:611:reintegrate$7422.genblk1.genblk1.genblk1.genblk1.genblk1.lut0 (4 -> 2)
  Optimizing lut $auto$abc_ops_reintegrate.cc:611:reintegrate$7426.genblk1.genblk1.genblk1.genblk1.genblk1.genblk1.lut0.genblk1.genblk1.genblk1.genblk1.genblk1.lut1 (4 -> 2)
  Optimizing lut $auto$abc_ops_reintegrate.cc:611:reintegrate$7428.genblk1.genblk1.genblk1.genblk1.genblk1.genblk1.lut0.genblk1.genblk1.genblk1.genblk1.genblk1.lut1 (4 -> 2)
  Optimizing lut $auto$abc_ops_reintegrate.cc:611:reintegrate$7427.genblk1.genblk1.genblk1.genblk1.genblk1.lut0 (4 -> 0)
  Optimizing lut $abc$7400$lut$aiger$o703.genblk1.genblk1.genblk1.genblk1.genblk1.genblk1.lut0.genblk1.genblk1.genblk1.genblk1.genblk1.lut1 (4 -> 2)
  Optimizing lut $abc$7400$lut$aiger$o671.genblk1.genblk1.genblk1.genblk1.genblk1.genblk1.lut1.genblk1.genblk1.genblk1.genblk1.genblk1.lut1 (4 -> 2)
  Optimizing lut $abc$7400$lut$aiger$o1071.genblk1.genblk1.genblk1.genblk1.genblk1.lut0 (4 -> 2)
  Optimizing lut $abc$7400$lut$aiger7399$984.genblk1.genblk1.genblk1.genblk1.genblk1.lut0 (4 -> 0)
  Optimizing lut $abc$7400$lut$aiger$o679.genblk1.genblk1.genblk1.genblk1.genblk1.genblk1.lut1.genblk1.genblk1.genblk1.genblk1.genblk1.lut1 (4 -> 2)
  Optimizing lut $auto$abc_ops_reintegrate.cc:611:reintegrate$7423.genblk1.genblk1.genblk1.genblk1.genblk1.lut0 (4 -> 2)
  Optimizing lut $abc$7400$lut$aiger$o671.genblk1.genblk1.genblk1.genblk1.genblk1.genblk1.lut0.genblk1.genblk1.genblk1.genblk1.genblk1.lut1 (4 -> 2)
  Optimizing lut $abc$7400$lut$aiger$o868.genblk1.genblk1.genblk1.genblk1.genblk1.lut0 (4 -> 0)
  Optimizing lut $abc$7400$lut$aiger$o1011.genblk1.genblk1.genblk1.genblk1.genblk1.genblk1.genblk1.lut1.genblk1.genblk1.genblk1.genblk1.genblk1.genblk1.lut1.genblk1.genblk1.genblk1.genblk1.genblk1.lut1 (4 -> 3)
  Optimizing lut $abc$7400$lut$aiger$o1073.genblk1.genblk1.genblk1.genblk1.genblk1.lut0 (4 -> 2)
  Optimizing lut $abc$7400$lut$aiger$o687.genblk1.genblk1.genblk1.genblk1.genblk1.genblk1.lut0.genblk1.genblk1.genblk1.genblk1.genblk1.lut1 (4 -> 2)
  Optimizing lut $abc$7400$lut$aiger$o1138.genblk1.genblk1.genblk1.genblk1.genblk1.lut0 (4 -> 0)
  Optimizing lut $abc$7400$lut$aiger$o654.genblk1.genblk1.genblk1.genblk1.genblk1.lut0 (4 -> 1)
  Optimizing lut $abc$7400$lut$aiger$o711.genblk1.genblk1.genblk1.genblk1.genblk1.lut0 (4 -> 2)
  Optimizing lut $abc$7400$lut$aiger7399$738.genblk1.genblk1.genblk1.genblk1.genblk1.lut0 (4 -> 0)
  Optimizing lut $abc$7400$lut$aiger7399$726.genblk1.genblk1.genblk1.genblk1.genblk1.lut0 (4 -> 0)
  Optimizing lut $abc$7400$lut$aiger7399$710.genblk1.genblk1.genblk1.genblk1.genblk1.genblk1.genblk1.genblk1.lut0.genblk1.genblk1.genblk1.genblk1.genblk1.genblk1.genblk1.lut0.genblk1.genblk1.genblk1.genblk1.genblk1.genblk1.lut1.genblk1.genblk1.genblk1.genblk1.genblk1.lut1 (4 -> 0)
  Optimizing lut $abc$7400$lut$aiger$o830.genblk1.genblk1.genblk1.genblk1.genblk1.genblk1.genblk1.lut1.genblk1.genblk1.genblk1.genblk1.genblk1.genblk1.lut1.genblk1.genblk1.genblk1.genblk1.genblk1.lut1 (4 -> 3)
  Optimizing lut $abc$7400$lut$aiger7399$697.genblk1.genblk1.genblk1.genblk1.genblk1.genblk1.lut1.genblk1.genblk1.genblk1.genblk1.genblk1.lut0 (4 -> 0)
  Optimizing lut $abc$7400$lut$aiger$o1104.genblk1.genblk1.genblk1.genblk1.genblk1.lut0 (4 -> 2)
  Optimizing lut $auto$abc_ops_reintegrate.cc:611:reintegrate$7421.genblk1.genblk1.genblk1.genblk1.genblk1.lut0 (4 -> 2)
  Optimizing lut $abc$7400$lut$aiger$o703.genblk1.genblk1.genblk1.genblk1.genblk1.genblk1.lut1.genblk1.genblk1.genblk1.genblk1.genblk1.lut1 (4 -> 2)
  Optimizing lut $auto$abc_ops_reintegrate.cc:611:reintegrate$7407.genblk1.genblk1.genblk1.genblk1.genblk1.genblk1.genblk1.genblk1.lut1.genblk1.genblk1.genblk1.genblk1.genblk1.genblk1.genblk1.lut0.genblk1.genblk1.genblk1.genblk1.genblk1.genblk1.lut1.genblk1.genblk1.genblk1.genblk1.genblk1.lut1 (4 -> 3)
  Optimizing lut $auto$abc_ops_reintegrate.cc:611:reintegrate$7407.genblk1.genblk1.genblk1.genblk1.genblk1.genblk1.genblk1.genblk1.lut0.genblk1.genblk1.genblk1.genblk1.genblk1.genblk1.genblk1.lut0.genblk1.genblk1.genblk1.genblk1.genblk1.genblk1.lut1.genblk1.genblk1.genblk1.genblk1.genblk1.lut1 (4 -> 3)
  Optimizing lut $abc$7400$lut$aiger7399$733.genblk1.genblk1.genblk1.genblk1.genblk1.lut0 (4 -> 0)
  Optimizing lut $auto$abc_ops_reintegrate.cc:611:reintegrate$7426.genblk1.genblk1.genblk1.genblk1.genblk1.genblk1.lut1.genblk1.genblk1.genblk1.genblk1.genblk1.lut1 (4 -> 2)
  Optimizing lut $auto$abc_ops_reintegrate.cc:611:reintegrate$7404.genblk1.genblk1.genblk1.genblk1.genblk1.genblk1.genblk1.lut1.genblk1.genblk1.genblk1.genblk1.genblk1.genblk1.lut1.genblk1.genblk1.genblk1.genblk1.genblk1.lut1 (4 -> 3)
  Optimizing lut $abc$7400$lut$aiger7399$611.genblk1.genblk1.genblk1.genblk1.genblk1.lut0 (4 -> 2)
  Optimizing lut $abc$7400$lut$aiger$o695.genblk1.genblk1.genblk1.genblk1.genblk1.genblk1.lut1.genblk1.genblk1.genblk1.genblk1.genblk1.lut1 (4 -> 2)
  Optimizing lut $abc$7400$lut$aiger$o1144.genblk1.genblk1.genblk1.genblk1.genblk1.lut0 (4 -> 0)
  Optimizing lut $auto$abc_ops_reintegrate.cc:611:reintegrate$7425.genblk1.genblk1.genblk1.genblk1.genblk1.genblk1.lut1.genblk1.genblk1.genblk1.genblk1.genblk1.lut1 (4 -> 2)
  Optimizing lut $abc$7400$lut$aiger$o1118.genblk1.genblk1.genblk1.genblk1.genblk1.lut0 (4 -> 2)
  Optimizing lut $abc$7400$lut$aiger$o1109.genblk1.genblk1.genblk1.genblk1.genblk1.lut0 (4 -> 2)
  Optimizing lut $auto$abc_ops_reintegrate.cc:611:reintegrate$7425.genblk1.genblk1.genblk1.genblk1.genblk1.genblk1.lut0.genblk1.genblk1.genblk1.genblk1.genblk1.lut1 (4 -> 2)
  Optimizing lut $abc$7400$lut$aiger7399$710.genblk1.genblk1.genblk1.genblk1.genblk1.genblk1.genblk1.genblk1.lut1.genblk1.genblk1.genblk1.genblk1.genblk1.genblk1.genblk1.lut0.genblk1.genblk1.genblk1.genblk1.genblk1.genblk1.lut1.genblk1.genblk1.genblk1.genblk1.genblk1.lut1 (4 -> 0)
  Optimizing lut $abc$7400$lut$aiger$o717.genblk1.genblk1.genblk1.genblk1.genblk1.lut0 (4 -> 2)
  Optimizing lut $abc$7400$lut$aiger$o830.genblk1.genblk1.genblk1.genblk1.genblk1.genblk1.genblk1.lut0.genblk1.genblk1.genblk1.genblk1.genblk1.genblk1.lut1.genblk1.genblk1.genblk1.genblk1.genblk1.lut0 (4 -> 3)
  Optimizing lut $auto$abc_ops_reintegrate.cc:611:reintegrate$7414.genblk1.genblk1.genblk1.genblk1.genblk1.lut1 (4 -> 3)
  Optimizing lut $abc$7400$lut$aiger$o1011.genblk1.genblk1.genblk1.genblk1.genblk1.genblk1.genblk1.lut0.genblk1.genblk1.genblk1.genblk1.genblk1.genblk1.lut0.genblk1.genblk1.genblk1.genblk1.genblk1.lut1 (4 -> 1)
  Optimizing lut $auto$abc_ops_reintegrate.cc:611:reintegrate$7424.genblk1.genblk1.genblk1.genblk1.genblk1.genblk1.lut1.genblk1.genblk1.genblk1.genblk1.genblk1.lut1 (4 -> 2)
  Optimizing lut $abc$7400$lut$aiger$o687.genblk1.genblk1.genblk1.genblk1.genblk1.genblk1.lut1.genblk1.genblk1.genblk1.genblk1.genblk1.lut1 (4 -> 2)
  Optimizing lut $auto$abc_ops_reintegrate.cc:611:reintegrate$7428.genblk1.genblk1.genblk1.genblk1.genblk1.genblk1.lut1.genblk1.genblk1.genblk1.genblk1.genblk1.lut1 (4 -> 2)
  Optimizing lut $auto$abc_ops_reintegrate.cc:611:reintegrate$7408.genblk1.genblk1.genblk1.genblk1.genblk1.genblk1.genblk1.genblk1.lut0.genblk1.genblk1.genblk1.genblk1.genblk1.genblk1.genblk1.lut0.genblk1.genblk1.genblk1.genblk1.genblk1.genblk1.lut1.genblk1.genblk1.genblk1.genblk1.genblk1.lut1 (4 -> 0)
  Optimizing lut $auto$abc_ops_reintegrate.cc:611:reintegrate$7411.genblk1.genblk1.genblk1.genblk1.genblk1.lut0 (4 -> 2)
  Optimizing lut $abc$7400$lut$aiger$o1094.genblk1.genblk1.genblk1.genblk1.genblk1.lut0 (4 -> 2)

12.47. Executing HILOMAP pass (mapping to constant drivers).
Removed 0 unused cells and 977 unused wires.

12.48. Executing AUTONAME pass.
Renamed 1313 objects in module top_semaforo.
<suppressed ~1313 debug messages>

12.49. Executing HIERARCHY pass (managing design hierarchy).
Attribute `top' found on module `top_semaforo'. Setting top module to top_semaforo.

12.49.1. Analyzing design hierarchy..
Top module:  \top_semaforo

12.49.2. Analyzing design hierarchy..
Top module:  \top_semaforo
Removed 0 unused modules.

12.50. Printing statistics.

=== top_semaforo ===

        +----------Local Count, excluding submodules.
        | 
      667 wires
     1399 wire bits
      667 public wires
     1399 public wire bits
       12 ports
       12 port bits
      464 cells
       11   $scopeinfo
        1   DPX9B
        1   GND
        6   IBUF
       74   LUT1
      107   LUT2
       42   LUT3
       86   LUT4
        1   MULT18X18
       87   MUX2_LUT5
       29   MUX2_LUT6
        9   MUX2_LUT7
        3   MUX2_LUT8
        6   OBUF
        1   VCC
      277 submodules
      126   ALU
       88   DFFC
       61   DFFCE
        2   DFFP

=== design hierarchy ===

        +----------Count including submodules.
        | 
      464 top_semaforo

        +----------Count including submodules.
        | 
      667 wires
     1399 wire bits
      667 public wires
     1399 public wire bits
       12 ports
       12 port bits
        - memories
        - memory bits
        - processes
      464 cells
       11   $scopeinfo
        1   DPX9B
        1   GND
        6   IBUF
       74   LUT1
      107   LUT2
       42   LUT3
       86   LUT4
        1   MULT18X18
       87   MUX2_LUT5
       29   MUX2_LUT6
        9   MUX2_LUT7
        3   MUX2_LUT8
        6   OBUF
        1   VCC
      277 submodules
      126   ALU
       88   DFFC
       61   DFFCE
        2   DFFP

12.51. Executing CHECK pass (checking for obvious problems).
Checking module top_semaforo...
Found and reported 0 problems.

12.52. Executing JSON backend.

End of script. Logfile hash: 8fa0ba5d5c, time: 0.91s, user: 0.91s, system: 0.00s
Yosys 0.69 (git sha1 9f75ca1f9, Release, Clang /workspace/YoWASP/yosys/wasi-sdk-33.0-x86_64-linux/share/cmake/../..//bin/clang++ 22.1.0)
Time spent: 23% 14x techmap (0 sec), 19% 36x read_verilog (0 sec), ...
